unit,duration,input.doc_id,input.index,input.sentence,input.sentence_id,input.validate_verbs,job,metrics.avg_annotations,metrics.avg_cos_clarity,metrics.avg_unique_annotations,output.selectedtags_desc,output.selectedtags_desc.annotations,output.selectedtags_desc.cos_clarity,output.selectedtags_desc.unique_annotations,worker,uqs,uqs_initial,unit_annotation_score,unit_annotation_score_initial
1368375533,78.2,wsj_0675,551,"Markets Stocks : Volume 170,330,000 shares .",26,Markets_0_7,event_validation,15.0,0.832050294338,2.0,"Counter({'no_event': 9, 'markets_0_7': 6})",15,0.832050294338,2,15,0.461211189556,0.485714285714,"Counter({'no_event': 0.5051707970776199, 'markets_0_7': 0.49482920292238014})","Counter({'no_event': 0.6, 'markets_0_7': 0.4})"
1368375534,20.2,wsj_0169,552,The other concern was n't identified .,1,concern_10_17 was_18_21 identified_26_36,event_validation,28.0,0.692934867184,4.0,"Counter({'identified_26_36': 11, 'concern_10_17': 9, 'was_18_21': 7, 'no_event': 1})",28,0.692934867184,4,15,0.654641463204,0.533840363465,"Counter({'identified_26_36': 0.8043013840438151, 'concern_10_17': 0.7077225403873328, 'was_18_21': 0.6084293965318608, 'no_event': 0.014592920696630868})","Counter({'identified_26_36': 0.7333333333333333, 'concern_10_17': 0.6, 'was_18_21': 0.4666666666666667, 'no_event': 0.06666666666666667})"
1368375535,26.9333333333,wsj_0816,553,Yield on the issue was 7.88 % .,21,Yield_0_5 on_6_8 was_19_22,event_validation,27.0,0.766651878,4.0,"Counter({'yield_0_5': 12, 'was_19_22': 8, 'on_6_8': 6, 'no_event': 1})",27,0.766651878,4,15,0.639516832086,0.566943614099,"Counter({'yield_0_5': 0.8372712891374705, 'was_19_22': 0.655699024023521, 'on_6_8': 0.5458326039989063, 'no_event': 0.03760701391992785})","Counter({'yield_0_5': 0.8, 'was_19_22': 0.5333333333333333, 'on_6_8': 0.4, 'no_event': 0.06666666666666667})"
1368375536,44.7333333333,wsj_0695,554,Giant has interests in cement making and newsprint .,3,has_6_9 interests_10_19 in_20_22,event_validation,29.0,0.737154140201,4.0,"Counter({'interests_10_19': 12, 'has_6_9': 9, 'in_20_22': 6, 'no_event': 2})",29,0.737154140201,4,15,0.653561330623,0.544662236749,"Counter({'interests_10_19': 0.8828594873588617, 'has_6_9': 0.7031349761521108, 'in_20_22': 0.5188047281449684, 'no_event': 0.07211741635659935})","Counter({'interests_10_19': 0.8, 'has_6_9': 0.6, 'in_20_22': 0.4, 'no_event': 0.13333333333333333})"
1368375537,26.8,PRI19980303.2000.2550,555,"For The World , I 'm Nancy Marshalll .",31,For_0_3 m_18_20,event_validation,19.0,0.7155417528,3.0,"Counter({'no_event': 8, 'for_0_3': 6, 'm_18_20': 5})",19,0.7155417528,3,15,0.403960366514,0.414145536898,"Counter({'for_0_3': 0.5014222477122731, 'm_18_20': 0.4511587326883236, 'no_event': 0.42125538702667026})","Counter({'no_event': 0.5333333333333333, 'for_0_3': 0.4, 'm_18_20': 0.3333333333333333})"
1368375538,23.7333333333,PRI19980205.2000.1890,556,For The World I 'm Nancy Marshall in Washington .,7,For_0_3 m_16_18 in_34_36,event_validation,25.0,0.558660819127,4.0,"Counter({'no_event': 7, 'for_0_3': 6, 'm_16_18': 6, 'in_34_36': 6})",25,0.558660819127,4,15,0.412360068823,0.381571317746,"Counter({'in_34_36': 0.5480006452845286, 'm_16_18': 0.5352255878261812, 'for_0_3': 0.5160568729721458, 'no_event': 0.3385927851821301})","Counter({'no_event': 0.4666666666666667, 'for_0_3': 0.4, 'm_16_18': 0.4, 'in_34_36': 0.4})"
1368375539,34.1333333333,wsj_0585,557,The SampP 500 is often used in arbitrage strategies .,4,is_14_16 used_23_27 in_28_30 arbitrage_31_40 strategies_41_51,event_validation,47.0,0.639676327339,5.0,"Counter({'used_23_27': 14, 'arbitrage_31_40': 11, 'strategies_41_51': 8, 'is_14_16': 7, 'in_28_30': 7})",47,0.639676327339,5,15,0.716682356418,0.654072027616,"Counter({'used_23_27': 0.9656055754076489, 'arbitrage_31_40': 0.8122328900433818, 'strategies_41_51': 0.6315422597113933, 'is_14_16': 0.60493492129783, 'in_28_30': 0.5834060121440652})","Counter({'used_23_27': 0.9333333333333333, 'arbitrage_31_40': 0.7333333333333333, 'strategies_41_51': 0.5333333333333333, 'is_14_16': 0.4666666666666667, 'in_28_30': 0.4666666666666667})"
1368375540,18.5333333333,APW19980818.0515,558,`` I am truly in the presence of heroes . '',13,am_5_7 in_14_16,event_validation,23.0,0.712470499879,3.0,"Counter({'am_5_7': 10, 'in_14_16': 9, 'no_event': 4})",23,0.712470499879,3,15,0.619728040806,0.494957740462,"Counter({'am_5_7': 0.7921841331454648, 'in_14_16': 0.7095282014833154, 'no_event': 0.16570450193081213})","Counter({'am_5_7': 0.6666666666666666, 'in_14_16': 0.6, 'no_event': 0.26666666666666666})"
1368375541,28.0666666667,wsj_0542,559,Telerate provides information about financial markets through an electronic network .,11,provides_9_17 markets_46_53,event_validation,24.0,0.813733471207,2.0,"Counter({'provides_9_17': 14, 'markets_46_53': 10})",24,0.813733471207,2,15,0.852389740899,0.801750154134,"Counter({'provides_9_17': 0.9664269701746865, 'markets_46_53': 0.7477944623851985})","Counter({'provides_9_17': 0.9333333333333333, 'markets_46_53': 0.6666666666666666})"
1368375542,29.9333333333,PRI19980303.2000.2550,560,"And that is a condition of the application , then .",21,is_9_11 condition_14_23,event_validation,23.0,0.757271229904,3.0,"Counter({'condition_14_23': 11, 'is_9_11': 9, 'no_event': 3})",23,0.757271229904,3,15,0.727273090116,0.539308733314,"Counter({'condition_14_23': 0.872854189353027, 'is_9_11': 0.7575012078238468, 'no_event': 0.08284308394883104})","Counter({'condition_14_23': 0.7333333333333333, 'is_9_11': 0.6, 'no_event': 0.2})"
1368375543,24.0,VOA19980303.1600.2745,561,VOA 's Jim Teple has details from our southeast news bureau .,3,has_17_20 details_21_28,event_validation,22.0,0.7453559925,3.0,"Counter({'has_17_20': 10, 'details_21_28': 8, 'no_event': 4})",22,0.7453559925,3,15,0.698240076658,0.474276094031,"Counter({'has_17_20': 0.8644754351981054, 'details_21_28': 0.7252235403926552, 'no_event': 0.09848481553899632})","Counter({'has_17_20': 0.6666666666666666, 'details_21_28': 0.5333333333333333, 'no_event': 0.26666666666666666})"
1368375544,44.8,wsj_0745,562,Politics also influences the government 's thinking on the anti-takeover restriction .,25,influences_14_24 on_52_54,event_validation,23.0,0.866578244826,3.0,"Counter({'influences_14_24': 14, 'on_52_54': 8, 'no_event': 1})",23,0.866578244826,3,15,0.840640394451,0.732772623781,"Counter({'influences_14_24': 0.9802860104486903, 'on_52_54': 0.7260547721103918, 'no_event': 0.01971398955130956})","Counter({'influences_14_24': 0.9333333333333333, 'on_52_54': 0.5333333333333333, 'no_event': 0.06666666666666667})"
1368375545,34.4,wsj_0586,563,What 's happening here is n't justified by the fundamentals . '',34,s_5_7 happening_8_17 here_18_22 is_23_25,event_validation,38.0,0.723922765993,5.0,"Counter({'happening_8_17': 14, 's_5_7': 8, 'here_18_22': 8, 'is_23_25': 7, 'no_event': 1})",38,0.723922765993,5,15,0.747036109039,0.63358361373,"Counter({'happening_8_17': 0.9802860104486903, 's_5_7': 0.7260547721103918, 'here_18_22': 0.7260547721103918, 'is_23_25': 0.6541336764989502, 'no_event': 0.01971398955130956})","Counter({'happening_8_17': 0.9333333333333333, 's_5_7': 0.5333333333333333, 'here_18_22': 0.5333333333333333, 'is_23_25': 0.4666666666666667, 'no_event': 0.06666666666666667})"
1368375546,32.8,wsj_0555,564,Waxman sells a variety of hardware products for the home repair market .,4,sells_7_12 for_44_47 market_64_70,event_validation,32.0,0.779812867365,3.0,"Counter({'sells_7_12': 15, 'for_44_47': 9, 'market_64_70': 8})",32,0.779812867365,3,15,0.822970822528,0.771050374656,"Counter({'sells_7_12': 1.0, 'for_44_47': 0.7881905211592246, 'market_64_70': 0.6738476660502597})","Counter({'sells_7_12': 1.0, 'for_44_47': 0.6, 'market_64_70': 0.5333333333333333})"
1368375547,17.0666666667,VOA19980331.1700.1533,565,"Currently , transplant organs are rationed through a regional system of distribution .",2,transplant_12_22 are_30_33,event_validation,23.0,0.766651878,3.0,"Counter({'transplant_12_22': 12, 'are_30_33': 10, 'no_event': 1})",23,0.766651878,3,15,0.806713656568,0.65658214759,"Counter({'transplant_12_22': 0.8762722044926363, 'are_30_33': 0.830068578066446, 'no_event': 0.01971398955130956})","Counter({'transplant_12_22': 0.8, 'are_30_33': 0.6666666666666666, 'no_event': 0.06666666666666667})"
1368375548,30.9333333333,ABC19980108.1830.0711,566,"In Hong Kong , is always belongs to the seller 's market .",12,In_0_2 is_15_17 belongs_25_32 seller_40_46 market_50_56,event_validation,51.0,0.562039011517,5.0,"Counter({'belongs_25_32': 13, 'market_50_56': 11, 'seller_40_46': 10, 'is_15_17': 9, 'in_0_2': 8})",51,0.562039011517,5,15,0.813759129524,0.63715135887,"Counter({'belongs_25_32': 0.9604852515053414, 'market_50_56': 0.896054086255506, 'seller_40_46': 0.8763051764136325, 'is_15_17': 0.7614162444567278, 'in_0_2': 0.7416504058039428})","Counter({'belongs_25_32': 0.8666666666666667, 'market_50_56': 0.7333333333333333, 'seller_40_46': 0.6666666666666666, 'is_15_17': 0.6, 'in_0_2': 0.5333333333333333})"
1368375549,30.1333333333,wsj_0810,567,One big question now is the likely role of Mr. Fournier 's allies .,18,question_8_16 is_21_23 likely_28_34 role_35_39,event_validation,39.0,0.554700196225,5.0,"Counter({'question_8_16': 10, 'role_35_39': 9, 'is_21_23': 8, 'likely_28_34': 8, 'no_event': 4})",39,0.554700196225,5,15,0.669030928262,0.44869408501,"Counter({'question_8_16': 0.8707100348988417, 'role_35_39': 0.807107095988988, 'likely_28_34': 0.7495149692177047, 'is_21_23': 0.6870213432262942, 'no_event': 0.10863004971003962})","Counter({'question_8_16': 0.6666666666666666, 'role_35_39': 0.6, 'is_21_23': 0.5333333333333333, 'likely_28_34': 0.5333333333333333, 'no_event': 0.26666666666666666})"
1368375550,53.0,wsj_0150,568,Its subsidiaries ' services are marketed by closely held A.L. Williams amp Associates .,6,services_19_27 are_28_31 marketed_32_40 held_52_56,event_validation,43.0,0.638345053623,4.0,"Counter({'marketed_32_40': 14, 'held_52_56': 11, 'services_19_27': 10, 'are_28_31': 8})",43,0.638345053623,4,15,0.823667861342,0.704043993403,"Counter({'marketed_32_40': 0.9794384968109988, 'held_52_56': 0.8613053164379469, 'services_19_27': 0.8415234824256586, 'are_28_31': 0.6837487604490341})","Counter({'marketed_32_40': 0.9333333333333333, 'held_52_56': 0.7333333333333333, 'services_19_27': 0.6666666666666666, 'are_28_31': 0.5333333333333333})"
1368375551,17.6666666667,APW19991008.0151,569,"The victims in Nairobi , Kenya , numbered 213 , including 12 Americans .",14,in_12_14 including_48_57,event_validation,22.0,0.806559132617,3.0,"Counter({'including_48_57': 11, 'in_12_14': 7, 'no_event': 4})",22,0.806559132617,3,15,0.649310779957,0.502847522602,"Counter({'including_48_57': 0.8626542875404272, 'in_12_14': 0.6253031635483891, 'no_event': 0.13734571245957297})","Counter({'including_48_57': 0.7333333333333333, 'in_12_14': 0.4666666666666667, 'no_event': 0.26666666666666666})"
1368375552,18.3333333333,wsj_0584,570,`` There 's nothing preventing BellSouth from buying up shares in the meanwhile . '',36,s_9_11 preventing_20_30 buying_46_52 in_63_65,event_validation,43.0,0.658426921959,4.0,"Counter({'preventing_20_30': 15, 'buying_46_52': 14, 'in_63_65': 7, 's_9_11': 7})",43,0.658426921959,4,15,0.8332029865,0.810456949966,"Counter({'preventing_20_30': 1.0, 'buying_46_52': 0.9641025168748453, 'in_63_65': 0.6222200028313875, 's_9_11': 0.6222200028313875})","Counter({'preventing_20_30': 1.0, 'buying_46_52': 0.9333333333333333, 'in_63_65': 0.4666666666666667, 's_9_11': 0.4666666666666667})"
1368375553,15.8666666667,wsj_0973,571,GNP is the total value of the nation 's output of goods and services .,7,is_4_6 services_60_68,event_validation,21.0,0.709299365615,3.0,"Counter({'is_4_6': 9, 'services_60_68': 8, 'no_event': 4})",21,0.709299365615,3,15,0.559029710794,0.440125747006,"Counter({'is_4_6': 0.7367221810995266, 'services_60_68': 0.6425160546188416, 'no_event': 0.17001498232957757})","Counter({'is_4_6': 0.6, 'services_60_68': 0.5333333333333333, 'no_event': 0.26666666666666666})"
1368375554,23.9333333333,wsj_0585,572,Kidder Peabody does program trading for its own as well as clients ' accounts .,17,does_15_19 program_20_27 trading_28_35 for_36_39 own_44_47,event_validation,42.0,0.703526470681,6.0,"Counter({'trading_28_35': 14, 'program_20_27': 10, 'does_15_19': 7, 'for_36_39': 5, 'own_44_47': 5, 'no_event': 1})",42,0.703526470681,6,15,0.671296897786,0.607749628662,"Counter({'trading_28_35': 0.975377457921233, 'program_20_27': 0.7230592708986954, 'does_15_19': 0.5898389805316413, 'for_36_39': 0.4597568345241671, 'own_44_47': 0.4597568345241671, 'no_event': 0.024622542078767098})","Counter({'trading_28_35': 0.9333333333333333, 'program_20_27': 0.6666666666666666, 'does_15_19': 0.4666666666666667, 'for_36_39': 0.3333333333333333, 'own_44_47': 0.3333333333333333, 'no_event': 0.06666666666666667})"
1368375555,24.4,wsj_0670,573,The extrusion unit produces bare and painted custom extrusions for building products and construction industries .,9,produces_19_27 for_63_66 construction_89_101,event_validation,32.0,0.767466765145,3.0,"Counter({'produces_19_27': 15, 'construction_89_101': 11, 'for_63_66': 6})",32,0.767466765145,3,15,0.809812375467,0.795175614401,"Counter({'produces_19_27': 1.0, 'construction_89_101': 0.7920773772360673, 'for_63_66': 0.529542082323109})","Counter({'produces_19_27': 1.0, 'construction_89_101': 0.7333333333333333, 'for_63_66': 0.4})"
1368375556,24.1333333333,wsj_0662,574,"Jayark , New York , distributes and rents audio-visual equipment and prints promotional ads for retailers .",6,distributes_20_31 rents_36_41 for_92_95,event_validation,34.0,0.710270585716,3.0,"Counter({'distributes_20_31': 15, 'rents_36_41': 14, 'for_92_95': 5})",34,0.710270585716,3,15,0.87074221813,0.876124366842,"Counter({'distributes_20_31': 1.0, 'rents_36_41': 0.944092666776917, 'for_92_95': 0.4692931911207311})","Counter({'distributes_20_31': 1.0, 'rents_36_41': 0.9333333333333333, 'for_92_95': 0.3333333333333333})"
1368375557,69.1333333333,wsj_0918,575,"The largest beneficiary will be Seagram Co. , which owns about 23 % of Du Pont .",10,beneficiary_12_23 be_29_31 owns_52_56,event_validation,27.0,0.750193773418,4.0,"Counter({'owns_52_56': 11, 'be_29_31': 7, 'beneficiary_12_23': 6, 'no_event': 3})",27,0.750193773418,4,15,0.55542638551,0.464615330389,"Counter({'owns_52_56': 0.8151022567587891, 'be_29_31': 0.5633241906363942, 'beneficiary_12_23': 0.4962832511293605, 'no_event': 0.11785680373417728})","Counter({'owns_52_56': 0.7333333333333333, 'be_29_31': 0.4666666666666667, 'beneficiary_12_23': 0.4, 'no_event': 0.2})"
1368375558,21.8,wsj_1006,576,"Mr. Nadeau also is chairman and chief executive of Unigesco Inc. , Provigo 's controlling shareholder .",9,is_16_18 chairman_19_27 controlling_78_89,event_validation,24.0,0.888661705132,4.0,"Counter({'controlling_78_89': 13, 'is_16_18': 5, 'chairman_19_27': 4, 'no_event': 2})",24,0.888661705132,4,15,0.644746166367,0.594267135117,"Counter({'controlling_78_89': 0.9181328780045529, 'is_16_18': 0.4421825714626496, 'chairman_19_27': 0.3535563895389027, 'no_event': 0.08186712199544714})","Counter({'controlling_78_89': 0.8666666666666667, 'is_16_18': 0.3333333333333333, 'chairman_19_27': 0.26666666666666666, 'no_event': 0.13333333333333333})"
1368375559,40.6,NYT19980206.0460,577,"The less money the government needs to borrow , the more is freed for private investment .",22,needs_30_35 borrow_39_45 is_57_59 freed_60_65 for_66_69 investment_78_88,event_validation,49.0,0.554108515848,6.0,"Counter({'borrow_39_45': 12, 'investment_78_88': 12, 'freed_60_65': 10, 'needs_30_35': 7, 'is_57_59': 4, 'for_66_69': 4})",49,0.554108515848,6,15,0.650135625505,0.6160431065,"Counter({'investment_78_88': 0.8453923461019623, 'borrow_39_45': 0.8407530655185433, 'freed_60_65': 0.7011338374565057, 'needs_30_35': 0.5154295709310889, 'is_57_59': 0.32944902068735255, 'for_66_69': 0.32944902068735255})","Counter({'borrow_39_45': 0.8, 'investment_78_88': 0.8, 'freed_60_65': 0.6666666666666666, 'needs_30_35': 0.4666666666666667, 'is_57_59': 0.26666666666666666, 'for_66_69': 0.26666666666666666})"
1368375560,31.1333333333,wsj_0768,578,That 's even less than the 4.35 % total return of the Merrill Lynch High-Yield Index .,32,s_5_7 return_40_46,event_validation,19.0,0.70436072506,3.0,"Counter({'return_40_46': 8, 'no_event': 7, 's_5_7': 4})",19,0.70436072506,3,15,0.432744816608,0.422035319038,"Counter({'return_40_46': 0.6194383957848064, 'no_event': 0.38056160421519364, 's_5_7': 0.32944902068735255})","Counter({'return_40_46': 0.5333333333333333, 'no_event': 0.4666666666666667, 's_5_7': 0.26666666666666666})"
1368375561,23.6666666667,wsj_0321,579,"Mesa flies to 42 cities in New Mexico , Arizona , Wyoming , Colorado and Texas .",6,flies_5_10 in_24_26,event_validation,19.0,0.966234939601,2.0,"Counter({'flies_5_10': 15, 'in_24_26': 4})",19,0.966234939601,2,15,0.861663008322,0.877263794021,"Counter({'flies_5_10': 1.0, 'in_24_26': 0.3253574119996391})","Counter({'flies_5_10': 1.0, 'in_24_26': 0.26666666666666666})"
1368375562,31.0,wsj_0781,580,"Of the big computer makers , only Apple Computer Co. bases its machines on Motorola chips instead .",47,bases_53_58 on_72_74,event_validation,20.0,0.86424162145,3.0,"Counter({'bases_53_58': 11, 'on_72_74': 5, 'no_event': 4})",20,0.86424162145,3,15,0.551414811333,0.497268604149,"Counter({'bases_53_58': 0.7966396632539581, 'on_72_74': 0.39458752571327343, 'no_event': 0.20336033674604206})","Counter({'bases_53_58': 0.7333333333333333, 'on_72_74': 0.3333333333333333, 'no_event': 0.26666666666666666})"
1368376174,24.7333333333,wsj_1008,581,A reinsurance company effectively insures insurance companies that wish to spread the risk of a particular policy .,6,wish_67_71 spread_75_81 policy_107_113,event_validation,34.0,0.696526033147,3.0,"Counter({'spread_75_81': 14, 'wish_67_71': 12, 'policy_107_113': 8})",34,0.696526033147,3,15,0.847956431664,0.767203885053,"Counter({'spread_75_81': 0.9750994299645683, 'wish_67_71': 0.8834584398402687, 'policy_107_113': 0.7190884956087248})","Counter({'spread_75_81': 0.9333333333333333, 'wish_67_71': 0.8, 'policy_107_113': 0.5333333333333333})"
1368376175,117.266666667,CNN19980227.2130.0067,582,"Army of god is a secret organization that hates abortion providers , homosexuals and the US government .",20,is_12_14 abortion_48_56,event_validation,22.0,0.868243142124,2.0,"Counter({'abortion_48_56': 14, 'is_12_14': 8})",22,0.868243142124,2,15,0.83047123814,0.777123616633,"Counter({'abortion_48_56': 0.9571578663077432, 'is_12_14': 0.7053893562321087})","Counter({'abortion_48_56': 0.9333333333333333, 'is_12_14': 0.5333333333333333})"
1368376176,81.0666666667,wsj_0159,583,"Cara , a food services chain operator and Unicorp , a holding company , are based in Toronto .",8,services_14_22 holding_54_61 are_72_75 based_76_81 in_82_84,event_validation,42.0,0.594811877479,6.0,"Counter({'holding_54_61': 11, 'based_76_81': 9, 'services_14_22': 8, 'are_72_75': 6, 'in_82_84': 6, 'no_event': 2})",42,0.594811877479,6,15,0.662834098644,0.454126565172,"Counter({'holding_54_61': 0.8604713001541026, 'based_76_81': 0.8170371696447283, 'services_14_22': 0.7594206061981928, 'are_72_75': 0.661602531577476, 'in_82_84': 0.661602531577476, 'no_event': 0.05177512074920757})","Counter({'holding_54_61': 0.7333333333333333, 'based_76_81': 0.6, 'services_14_22': 0.5333333333333333, 'are_72_75': 0.4, 'in_82_84': 0.4, 'no_event': 0.13333333333333333})"
1368376177,31.0,VOA19980331.1700.1533,584,It 's between two to six days for every one uh of the sickest patients across the country .,9,s_3_5 for_30_33,event_validation,22.0,0.628539361055,3.0,"Counter({'for_30_33': 8, 'no_event': 7, 's_3_5': 7})",22,0.628539361055,3,15,0.574658166581,0.447140452079,"Counter({'for_30_33': 0.7540645014612033, 's_3_5': 0.7089794295480745, 'no_event': 0.24593549853879668})","Counter({'for_30_33': 0.5333333333333333, 'no_event': 0.4666666666666667, 's_3_5': 0.4666666666666667})"
1368376178,37.5333333333,wsj_0781,585,`` It 's going to be the leading edge technology in personal computers for the next few years .,49,s_6_8 going_9_14 be_18_20 in_49_51 for_71_74,event_validation,45.0,0.680703293657,6.0,"Counter({'going_9_14': 14, 'be_18_20': 8, 'for_71_74': 8, 's_6_8': 7, 'in_49_51': 7, 'no_event': 1})",45,0.680703293657,6,15,0.70520673145,0.600742105741,"Counter({'going_9_14': 0.9659555518092565, 'for_71_74': 0.7253229160915726, 'be_18_20': 0.7171310704282545, 's_6_8': 0.681956286620405, 'in_49_51': 0.681956286620405, 'no_event': 0.034044448190743454})","Counter({'going_9_14': 0.9333333333333333, 'be_18_20': 0.5333333333333333, 'for_71_74': 0.5333333333333333, 's_6_8': 0.4666666666666667, 'in_49_51': 0.4666666666666667, 'no_event': 0.06666666666666667})"
1368376179,20.8666666667,APW19991008.0265,586,"Eight of those are in custody , but the rest remained fugitives , including Saudi radical Osama bin Laden .",9,are_15_18 in_19_21 remained_45_53 including_66_75,event_validation,39.0,0.6642689694,5.0,"Counter({'remained_45_53': 13, 'including_66_75': 10, 'are_15_18': 8, 'in_19_21': 7, 'no_event': 1})",39,0.6642689694,5,15,0.752148262174,0.592506699387,"Counter({'remained_45_53': 0.9543095155423305, 'including_66_75': 0.8337927716249002, 'are_15_18': 0.7023885175023196, 'in_19_21': 0.681956286620405, 'no_event': 0.025258253575754726})","Counter({'remained_45_53': 0.8666666666666667, 'including_66_75': 0.6666666666666666, 'are_15_18': 0.5333333333333333, 'in_19_21': 0.4666666666666667, 'no_event': 0.06666666666666667})"
1368376180,26.4,wsj_0575,587,Loan covenants require that the company achieve specified levels of operating earnings and meet a rolling four-quarter profitability test .,14,require_15_22 achieve_40_47 specified_48_57 operating_68_77 earnings_78_86 meet_91_95 test_133_137,event_validation,70.0,0.485832810289,7.0,"Counter({'achieve_40_47': 13, 'meet_91_95': 11, 'test_133_137': 10, 'operating_68_77': 10, 'require_15_22': 9, 'specified_48_57': 9, 'earnings_78_86': 8})",70,0.485832810289,7,15,0.755969454935,0.613827603873,"Counter({'achieve_40_47': 0.9395669626163955, 'operating_68_77': 0.8238762413928051, 'meet_91_95': 0.7933556963509708, 'test_133_137': 0.7865142634071615, 'require_15_22': 0.785027189878945, 'specified_48_57': 0.7768353442156269, 'earnings_78_86': 0.7093641489608987})","Counter({'achieve_40_47': 0.8666666666666667, 'meet_91_95': 0.7333333333333333, 'test_133_137': 0.6666666666666666, 'operating_68_77': 0.6666666666666666, 'require_15_22': 0.6, 'specified_48_57': 0.6, 'earnings_78_86': 0.5333333333333333})"
1368376181,26.6666666667,ABC19980304.1830.1636,588,"It is , in short , the kind of management job many American women say they 've had to fight for .",11,is_3_5 in_8_10 say_66_69 ve_75_78 had_79_82 fight_86_91 for_92_95,event_validation,59.0,0.563092506371,7.0,"Counter({'fight_86_91': 13, 'say_66_69': 10, 'is_3_5': 9, 've_75_78': 7, 'in_8_10': 7, 'had_79_82': 7, 'for_92_95': 6})",59,0.563092506371,7,15,0.684094564834,0.575001193404,"Counter({'fight_86_91': 0.8903139302619335, 'say_66_69': 0.8238762413928051, 'is_3_5': 0.7457551469734872, 've_75_78': 0.681956286620405, 'in_8_10': 0.681956286620405, 'had_79_82': 0.681956286620405, 'for_92_95': 0.5927024477642532})","Counter({'fight_86_91': 0.8666666666666667, 'say_66_69': 0.6666666666666666, 'is_3_5': 0.6, 've_75_78': 0.4666666666666667, 'in_8_10': 0.4666666666666667, 'had_79_82': 0.4666666666666667, 'for_92_95': 0.4})"
1368376182,29.1333333333,wsj_0781,589,"-LRB- A 16-bit microprocessor processes 16 pieces of data at a time and is slower than newer , 32-bit chips . -RRB-",43,processes_30_39 at_58_60 is_72_74,event_validation,30.0,0.795146567946,4.0,"Counter({'processes_30_39': 14, 'is_72_74': 8, 'at_58_60': 7, 'no_event': 1})",30,0.795146567946,4,15,0.768249560569,0.66863645771,"Counter({'processes_30_39': 0.9729683080212789, 'is_72_74': 0.7141872862529615, 'at_58_60': 0.6934118334059545, 'no_event': 0.027031691978721156})","Counter({'processes_30_39': 0.9333333333333333, 'is_72_74': 0.5333333333333333, 'at_58_60': 0.4666666666666667, 'no_event': 0.06666666666666667})"
1368376183,34.6666666667,wsj_0781,590,"But while the chip 's speed in processing power is dazzling , it 's real strength lies in its software inheritance .",41,in_28_30 is_48_50 s_65_67 lies_82_86 in_87_89,event_validation,43.0,0.544734710703,6.0,"Counter({'is_48_50': 10, 'lies_82_86': 9, 'in_87_89': 7, 's_65_67': 7, 'in_28_30': 7, 'no_event': 3})",43,0.544734710703,6,15,0.609578704614,0.415737865167,"Counter({'lies_82_86': 0.8108993339557576, 'is_48_50': 0.7842175011670299, 'in_87_89': 0.6924435800888952, 's_65_67': 0.6924435800888952, 'in_28_30': 0.6924435800888952, 'no_event': 0.09732674496610763})","Counter({'is_48_50': 0.6666666666666666, 'lies_82_86': 0.6, 'in_87_89': 0.4666666666666667, 's_65_67': 0.4666666666666667, 'in_28_30': 0.4666666666666667, 'no_event': 0.2})"
1368376184,19.4666666667,wsj_0781,591,"That 's a break from Compaq tradition , because the company does n't announce products until they 're actually at the dealers .",32,s_5_7 does_60_64 announce_69_77 re_98_101 at_111_113,event_validation,43.0,0.666010175452,6.0,"Counter({'announce_69_77': 13, 'does_60_64': 8, 's_5_7': 7, 're_98_101': 7, 'at_111_113': 7, 'no_event': 1})",43,0.666010175452,6,15,0.696902140023,0.551556820757,"Counter({'announce_69_77': 0.9432892038914632, 'does_60_64': 0.7284079333848136, 's_5_7': 0.6924435800888952, 're_98_101': 0.6924435800888952, 'at_111_113': 0.6924435800888952, 'no_event': 0.02074644281261849})","Counter({'announce_69_77': 0.8666666666666667, 'does_60_64': 0.5333333333333333, 's_5_7': 0.4666666666666667, 're_98_101': 0.4666666666666667, 'at_111_113': 0.4666666666666667, 'no_event': 0.06666666666666667})"
1368376185,42.2,wsj_0950,592,GMAC profits are combined with earnings from the rest of GM 's operations and attributed to the company 's traditional common stock .,17,profits_5_12 are_13_16 combined_17_25 earnings_31_39 operations_63_73 attributed_78_88,event_validation,59.0,0.501307191773,7.0,"Counter({'combined_17_25': 12, 'operations_63_73': 11, 'attributed_78_88': 9, 'profits_5_12': 9, 'earnings_31_39': 9, 'are_13_16': 8, 'no_event': 1})",59,0.501307191773,7,15,0.74387466719,0.555509302793,"Counter({'combined_17_25': 0.8957735430022381, 'operations_63_73': 0.8738576332269933, 'profits_5_12': 0.8108993339557576, 'earnings_31_39': 0.8108993339557576, 'attributed_78_88': 0.7341196581373902, 'are_13_16': 0.7131900229015136, 'no_event': 0.025646681284315364})","Counter({'combined_17_25': 0.8, 'operations_63_73': 0.7333333333333333, 'attributed_78_88': 0.6, 'profits_5_12': 0.6, 'earnings_31_39': 0.6, 'are_13_16': 0.5333333333333333, 'no_event': 0.06666666666666667})"
1368376186,32.0666666667,WSJ900813-0157,593,"Two Middle East terrorists with records of successful attacks against Western targets , Abu Nidal and Abu Abbas , have ties to Baghdad .",37,successful_43_53 attacks_54_61 targets_78_85 have_114_118,event_validation,40.0,0.65,5.0,"Counter({'attacks_54_61': 13, 'have_114_118': 10, 'targets_78_85': 9, 'successful_43_53': 7, 'no_event': 1})",40,0.65,5,15,0.760904186777,0.603369661619,"Counter({'attacks_54_61': 0.9435378468015079, 'have_114_118': 0.8178459761577471, 'targets_78_85': 0.8108993339557576, 'successful_43_53': 0.6924435800888952, 'no_event': 0.035715710385873845})","Counter({'attacks_54_61': 0.8666666666666667, 'have_114_118': 0.6666666666666666, 'targets_78_85': 0.6, 'successful_43_53': 0.4666666666666667, 'no_event': 0.06666666666666667})"
1368376187,27.2666666667,wsj_0533,594,Both offers are conditional on regulatory approvals and enough shares being tendered to give the bidders a majority of Connaught 's shares outstanding .,8,offers_5_11 are_12_15 conditional_16_27 on_28_30 approvals_42_51 being_70_75 tendered_76_84 give_88_92,event_validation,74.0,0.451625957697,8.0,"Counter({'offers_5_11': 12, 'tendered_76_84': 11, 'approvals_42_51': 10, 'conditional_16_27': 10, 'being_70_75': 8, 'on_28_30': 8, 'are_12_15': 8, 'give_88_92': 7})",74,0.451625957697,8,15,0.700472047717,0.566820852197,"Counter({'offers_5_11': 0.8714916069908234, 'tendered_76_84': 0.8219765914412659, 'conditional_16_27': 0.8041292386282858, 'approvals_42_51': 0.7808472663839058, 'on_28_30': 0.7296398130812791, 'are_12_15': 0.7296398130812791, 'being_70_75': 0.701614723701772, 'give_88_92': 0.6449906209329122})","Counter({'offers_5_11': 0.8, 'tendered_76_84': 0.7333333333333333, 'approvals_42_51': 0.6666666666666666, 'conditional_16_27': 0.6666666666666666, 'being_70_75': 0.5333333333333333, 'on_28_30': 0.5333333333333333, 'are_12_15': 0.5333333333333333, 'give_88_92': 0.4666666666666667})"
1368376188,20.6,wsj_0938,595,"`` Where 's the bid ? '' asked Pierre Panet-Raymond , an analyst and broker with Toronto securities dealer McDermid St. Lawrence Ltd. .",22,s_9_11 bid_16_19 asked_25_30,event_validation,33.0,0.689968360165,4.0,"Counter({'asked_25_30': 13, 'bid_16_19': 11, 's_9_11': 8, 'no_event': 1})",33,0.689968360165,4,15,0.810684470028,0.659009601509,"Counter({'asked_25_30': 0.9508312561546045, 'bid_16_19': 0.8654964585322727, 's_9_11': 0.7296398130812791, 'no_event': 0.02395516862543188})","Counter({'asked_25_30': 0.8666666666666667, 'bid_16_19': 0.7333333333333333, 's_9_11': 0.5333333333333333, 'no_event': 0.06666666666666667})"
1368376189,20.6,wsj_0152,596,"Dow Jones publishes The Wall Street Journal , Barron 's magazine , and community newspapers and operates financial news services and computer data bases .",7,publishes_10_19 operates_96_104 services_120_128,event_validation,38.0,0.669482764016,3.0,"Counter({'publishes_10_19': 15, 'operates_96_104': 14, 'services_120_128': 9})",38,0.669482764016,3,15,0.900645794038,0.871181261623,"Counter({'publishes_10_19': 1.0, 'operates_96_104': 0.9634010639424813, 'services_120_128': 0.7182058131497665})","Counter({'publishes_10_19': 1.0, 'operates_96_104': 0.9333333333333333, 'services_120_128': 0.6})"
1368376190,42.2,wsj_1013,597,The results include a $ 130.2 million write-down of the securities in the high-yield portfolio to the lower of their cost or market value .,7,results_4_11 include_12_19 write-down_38_48 in_67_69 lower_102_107 cost_117_121 market_125_131,event_validation,54.0,0.51512219637,7.0,"Counter({'results_4_11': 11, 'write_down_38_48': 10, 'include_12_19': 9, 'lower_102_107': 8, 'market_125_131': 7, 'in_67_69': 5, 'cost_117_121': 4})",54,0.51512219637,7,15,0.58038521599,0.506380009243,"Counter({'results_4_11': 0.7839211599406238, 'write_down_38_48': 0.7477049031099355, 'include_12_19': 0.707579932646841, 'lower_102_107': 0.636517307370371, 'market_125_131': 0.5417270909853642, 'in_67_69': 0.4477898019643001, 'cost_117_121': 0.3645216135098977})","Counter({'results_4_11': 0.7333333333333333, 'write_down_38_48': 0.6666666666666666, 'include_12_19': 0.6, 'lower_102_107': 0.5333333333333333, 'market_125_131': 0.4666666666666667, 'in_67_69': 0.3333333333333333, 'cost_117_121': 0.26666666666666666})"
1368376191,65.1333333333,ABC19980120.1830.0957,598,"At the end of the broadcast this evening , one more trip around Havana to see what it 's been like since the last time .",21,At_0_2 end_7_10 broadcast_18_27 trip_52_56 see_74_77 s_86_88 been_89_93,event_validation,51.0,0.586238362495,8.0,"Counter({'trip_52_56': 12, 'broadcast_18_27': 10, 'see_74_77': 9, 'end_7_10': 6, 'been_89_93': 5, 's_86_88': 4, 'at_0_2': 4, 'no_event': 1})",51,0.586238362495,8,15,0.525327878263,0.499146889065,"Counter({'trip_52_56': 0.8338173214798282, 'broadcast_18_27': 0.6838894249888758, 'see_74_77': 0.6628777551948772, 'end_7_10': 0.5055476666665423, 'been_89_93': 0.45047863541401045, 's_86_88': 0.3630959494632038, 'at_0_2': 0.3630959494632038, 'no_event': 0.06487792700510234})","Counter({'trip_52_56': 0.8, 'broadcast_18_27': 0.6666666666666666, 'see_74_77': 0.6, 'end_7_10': 0.4, 'been_89_93': 0.3333333333333333, 's_86_88': 0.26666666666666666, 'at_0_2': 0.26666666666666666, 'no_event': 0.06666666666666667})"
1368376192,49.9333333333,wsj_0585,599,`` It 's harder to sell stocks when the sell programs come in because some market makers do n't want to -LCB- take the orders -RCB- .,26,s_6_8 sell_19_23 programs_45_53 come_54_58 in_59_61 market_75_81 do_89_91 want_96_100 take_110_114 orders_119_125,event_validation,79.0,0.560968194005,10.0,"Counter({'sell_19_23': 15, 'take_110_114': 12, 'orders_119_125': 8, 'market_75_81': 7, 'come_54_58': 7, 'want_96_100': 7, 'do_89_91': 7, 'in_59_61': 6, 's_6_8': 5, 'programs_45_53': 5})",79,0.560968194005,10,15,0.636154158586,0.604770447961,"Counter({'sell_19_23': 1.0, 'take_110_114': 0.8456518750783236, 'orders_119_125': 0.6378859098693921, 'come_54_58': 0.5884626410649795, 'want_96_100': 0.5643365117256222, 'do_89_91': 0.5643365117256222, 'market_75_81': 0.5490576099054847, 'in_59_61': 0.5239371483366688, 'programs_45_53': 0.45047863541401045, 's_6_8': 0.42762144219151443})","Counter({'sell_19_23': 1.0, 'take_110_114': 0.8, 'orders_119_125': 0.5333333333333333, 'market_75_81': 0.4666666666666667, 'come_54_58': 0.4666666666666667, 'want_96_100': 0.4666666666666667, 'do_89_91': 0.4666666666666667, 'in_59_61': 0.4, 's_6_8': 0.3333333333333333, 'programs_45_53': 0.3333333333333333})"
1368376193,45.2666666667,wsj_0583,600,"But even a Japanese company that looks like a dog may turn out to be a good investment for a foreign concern , some management consultants maintain .",20,looks_33_38 turn_54_58 be_66_68 good_71_75 investment_76_86 for_87_90 concern_101_108 consultants_127_138 maintain_139_147,event_validation,69.0,0.499566536546,10.0,"Counter({'maintain_139_147': 12, 'turn_54_58': 11, 'investment_76_86': 10, 'looks_33_38': 7, 'be_66_68': 7, 'consultants_127_138': 6, 'concern_101_108': 6, 'good_71_75': 5, 'for_87_90': 4, 'no_event': 1})",69,0.499566536546,10,15,0.569662415124,0.491041160935,"Counter({'maintain_139_147': 0.8639416475440966, 'turn_54_58': 0.8057620364415755, 'investment_76_86': 0.7364648843608662, 'looks_33_38': 0.5659578821192751, 'be_66_68': 0.5659578821192751, 'concern_101_108': 0.5239371483366688, 'consultants_127_138': 0.5086582465165315, 'good_71_75': 0.45047863541401045, 'for_87_90': 0.3630959494632038, 'no_event': 0.03677925878675881})","Counter({'maintain_139_147': 0.8, 'turn_54_58': 0.7333333333333333, 'investment_76_86': 0.6666666666666666, 'looks_33_38': 0.4666666666666667, 'be_66_68': 0.4666666666666667, 'consultants_127_138': 0.4, 'concern_101_108': 0.4, 'good_71_75': 0.3333333333333333, 'for_87_90': 0.26666666666666666, 'no_event': 0.06666666666666667})"
1368376194,26.1333333333,wsj_0760,601,"In the year-earlier period , the company had net of $ 77.2 million , or $ 3.68 a share , and a tax credit of $ 7.7 million .",12,In_0_2 period_20_26 had_41_44 net_45_48,event_validation,29.0,0.750193773418,5.0,"Counter({'had_41_44': 11, 'period_20_26': 7, 'net_45_48': 5, 'in_0_2': 4, 'no_event': 2})",29,0.750193773418,5,15,0.514950292938,0.448408607321,"Counter({'had_41_44': 0.8049251849459439, 'period_20_26': 0.5505945805787867, 'net_45_48': 0.45047863541401045, 'in_0_2': 0.3630959494632038, 'no_event': 0.09495886988927985})","Counter({'had_41_44': 0.7333333333333333, 'period_20_26': 0.4666666666666667, 'net_45_48': 0.3333333333333333, 'in_0_2': 0.26666666666666666, 'no_event': 0.13333333333333333})"
1368376195,32.9333333333,WSJ900813-0157,602,The unpredictability of Iraq 's leader is a principal reason the U.S. is going to such great lengths to build a mammoth force in and around Saudi Arabia .,51,leader_32_38 is_39_41 is_70_72 going_73_78 build_104_109 force_120_125 in_126_128,event_validation,52.0,0.693375245282,7.0,"Counter({'build_104_109': 15, 'going_73_78': 9, 'force_120_125': 7, 'is_39_41': 6, 'is_70_72': 6, 'in_126_128': 5, 'leader_32_38': 4})",52,0.693375245282,7,15,0.64245447409,0.631500488152,"Counter({'build_104_109': 1.0, 'going_73_78': 0.6909764234132207, 'force_120_125': 0.5505945805787867, 'is_39_41': 0.5010799551141727, 'is_70_72': 0.5010799551141727, 'in_126_128': 0.43655446238586215, 'leader_32_38': 0.3630959494632038})","Counter({'build_104_109': 1.0, 'going_73_78': 0.6, 'force_120_125': 0.4666666666666667, 'is_39_41': 0.4, 'is_70_72': 0.4, 'in_126_128': 0.3333333333333333, 'leader_32_38': 0.26666666666666666})"
1368376196,38.5333333333,PRI19980303.2000.2550,603,"Inside the Islamic Saudi academy in Mount Vernon , Virginia , many of the girls wear head scarves and some of the neatly dressed children are in uniforms .",5,in_33_35 wear_80_84 head_85_89 are_138_141 in_142_144,event_validation,31.0,0.873333764609,5.0,"Counter({'wear_80_84': 15, 'are_138_141': 6, 'in_142_144': 4, 'head_85_89': 3, 'in_33_35': 3})",31,0.873333764609,5,15,0.708699464294,0.740479599279,"Counter({'wear_80_84': 1.0, 'are_138_141': 0.4757003412251623, 'in_142_144': 0.35493924099594404, 'in_33_35': 0.2807641822519208, 'head_85_89': 0.2807641822519208})","Counter({'wear_80_84': 1.0, 'are_138_141': 0.4, 'in_142_144': 0.26666666666666666, 'in_33_35': 0.2, 'head_85_89': 0.2})"
1368376197,34.6,PRI19980303.2000.2550,604,The Saudi Arabian government has an atrocious record on human rights and is known to be one of the worst offending countries when it comes to religious persecution .,19,has_29_32 on_53_55 is_73_75 known_76_81 be_85_87 offending_105_114 comes_133_138 persecution_152_163,event_validation,61.0,0.56954034064,8.0,"Counter({'persecution_152_163': 13, 'offending_105_114': 10, 'known_76_81': 8, 'be_85_87': 7, 'has_29_32': 7, 'comes_133_138': 7, 'is_73_75': 5, 'on_53_55': 4})",61,0.56954034064,8,15,0.594159011696,0.561747971569,"Counter({'persecution_152_163': 0.862015994349031, 'offending_105_114': 0.739699573039963, 'known_76_81': 0.6210269133718068, 'comes_133_138': 0.5884626410649795, 'be_85_87': 0.5747207099181442, 'has_29_32': 0.5659578821192751, 'is_73_75': 0.42762144219151443, 'on_53_55': 0.3630959494632038})","Counter({'persecution_152_163': 0.8666666666666667, 'offending_105_114': 0.6666666666666666, 'known_76_81': 0.5333333333333333, 'be_85_87': 0.4666666666666667, 'has_29_32': 0.4666666666666667, 'comes_133_138': 0.4666666666666667, 'is_73_75': 0.3333333333333333, 'on_53_55': 0.26666666666666666})"
1368376198,37.4,wsj_0810,605,"The Paribas offer values Navigation Mixte at about 23 billion francs , depending on how many of Navigation Mixte 's warrants are converted into shares during the takeover battle .",26,offer_12_17 values_18_24 at_42_44 on_81_83 are_125_128 converted_129_138 takeover_162_170 battle_171_177,event_validation,67.0,0.551249461671,8.0,"Counter({'converted_129_138': 14, 'battle_171_177': 11, 'offer_12_17': 10, 'values_18_24': 9, 'takeover_162_170': 9, 'at_42_44': 5, 'are_125_128': 5, 'on_81_83': 4})",67,0.551249461671,8,15,0.665916865888,0.615959180812,"Counter({'converted_129_138': 0.9632207412132412, 'battle_171_177': 0.8028797820392707, 'offer_12_17': 0.7557821027477362, 'values_18_24': 0.6755410442143736, 'takeover_162_170': 0.6514149148750162, 'at_42_44': 0.45047863541401045, 'are_125_128': 0.42762144219151443, 'on_81_83': 0.3630959494632038})","Counter({'converted_129_138': 0.9333333333333333, 'battle_171_177': 0.7333333333333333, 'offer_12_17': 0.6666666666666666, 'values_18_24': 0.6, 'takeover_162_170': 0.6, 'at_42_44': 0.3333333333333333, 'are_125_128': 0.3333333333333333, 'on_81_83': 0.26666666666666666})"
1368376199,77.4,wsj_0768,606,"The fund , with a cash cushion of more than 10 % , has '' met all the redemptions without having to sell one thing , '' Mr. Litvack says .",22,has_51_54 met_58_61 redemptions_70_81 having_90_96 sell_100_104 says_132_136,event_validation,57.0,0.617017552342,6.0,"Counter({'sell_100_104': 15, 'met_58_61': 11, 'says_132_136': 9, 'having_90_96': 8, 'redemptions_70_81': 8, 'has_51_54': 6})",57,0.617017552342,6,15,0.705321423473,0.669276463308,"Counter({'sell_100_104': 1.0, 'met_58_61': 0.8034034542321143, 'says_132_136': 0.6637612972153314, 'redemptions_70_81': 0.6287736882222008, 'having_90_96': 0.578646693457158, 'has_51_54': 0.4674463082718849})","Counter({'sell_100_104': 1.0, 'met_58_61': 0.7333333333333333, 'says_132_136': 0.6, 'having_90_96': 0.5333333333333333, 'redemptions_70_81': 0.5333333333333333, 'has_51_54': 0.4})"
1368376200,55.5333333333,wsj_0376,607,"In a statement , the company said : `` Both parts can only realize their full potential and be appropriately valued by the market if they are separately quoted companies .",13,In_0_2 statement_5_14 said_29_33 parts_44_49 realize_59_66 be_92_94 valued_109_115 market_123_129 are_138_141 quoted_153_159,event_validation,87.0,0.473828210396,10.0,"Counter({'said_29_33': 14, 'realize_59_66': 12, 'valued_109_115': 11, 'statement_5_14': 11, 'quoted_153_159': 11, 'market_123_129': 8, 'be_92_94': 7, 'are_138_141': 5, 'parts_44_49': 4, 'in_0_2': 4})",87,0.473828210396,10,15,0.679616412594,0.637260236439,"Counter({'said_29_33': 0.9625205740866799, 'realize_59_66': 0.8571095734970056, 'quoted_153_159': 0.8031349996159982, 'valued_109_115': 0.8017091162938684, 'statement_5_14': 0.7571580478873394, 'market_123_129': 0.5647739296134524, 'be_92_94': 0.5250522467081524, 'are_138_141': 0.3967143246110261, 'parts_44_49': 0.3368525292419318, 'in_0_2': 0.3368525292419318})","Counter({'said_29_33': 0.9333333333333333, 'realize_59_66': 0.8, 'valued_109_115': 0.7333333333333333, 'statement_5_14': 0.7333333333333333, 'quoted_153_159': 0.7333333333333333, 'market_123_129': 0.5333333333333333, 'be_92_94': 0.4666666666666667, 'are_138_141': 0.3333333333333333, 'parts_44_49': 0.26666666666666666, 'in_0_2': 0.26666666666666666})"
1368376201,28.4,wsj_0695,608,"The investor group includes Restaurant Investment Partnership , a California general partnership , and three Rally 's directors : Mr. Sugarman , James M. Trotter III and William E. Trotter II .",4,includes_19_27 Investment_39_49 Rally_109_114 directors_118_127,event_validation,32.0,0.690201385652,5.0,"Counter({'includes_19_27': 11, 'investment_39_49': 8, 'rally_109_114': 7, 'directors_118_127': 4, 'no_event': 2})",32,0.690201385652,5,15,0.516850424054,0.474487218896,"Counter({'includes_19_27': 0.7856267154915599, 'investment_39_49': 0.5857596860581817, 'rally_109_114': 0.515806823667058, 'directors_118_127': 0.33693709941669847, 'no_event': 0.11659085629383215})","Counter({'includes_19_27': 0.7333333333333333, 'investment_39_49': 0.5333333333333333, 'rally_109_114': 0.4666666666666667, 'directors_118_127': 0.26666666666666666, 'no_event': 0.13333333333333333})"
1368376202,39.3333333333,wsj_0542,609,"Dow Jones , which owns 67 % of Telerate , publishes The Wall Street Journal , Barron 's magazine , community newspapers and operates financial news services and computer data bases .",12,owns_18_22 publishes_42_51 operates_124_132 services_148_156,event_validation,49.0,0.593390829097,4.0,"Counter({'operates_124_132': 15, 'publishes_42_51': 14, 'owns_18_22': 13, 'services_148_156': 7})",49,0.593390829097,4,15,0.858812072674,0.860771925483,"Counter({'operates_124_132': 1.0, 'publishes_42_51': 0.9159238282992976, 'owns_18_22': 0.8785985655071142, 'services_148_156': 0.5221678755382836})","Counter({'operates_124_132': 1.0, 'publishes_42_51': 0.9333333333333333, 'owns_18_22': 0.8666666666666667, 'services_148_156': 0.4666666666666667})"
1368376203,29.0,wsj_0938,610,"MCA holds half of Cineplex 's equity and 33 % of its voting rights through restricted voting shares , while Bronfman interests hold about 24 % of the company 's equity .",6,holds_4_9 half_10_14 interests_117_126 hold_127_131,event_validation,35.0,0.722956891292,5.0,"Counter({'holds_4_9': 14, 'hold_127_131': 12, 'interests_117_126': 5, 'half_10_14': 3, 'no_event': 1})",35,0.722956891292,5,15,0.719764078004,0.690283236492,"Counter({'holds_4_9': 0.9549477655418458, 'hold_127_131': 0.8346710346135006, 'interests_117_126': 0.4025306783090873, 'half_10_14': 0.2516757321271506, 'no_event': 0.045052234458154226})","Counter({'holds_4_9': 0.9333333333333333, 'hold_127_131': 0.8, 'interests_117_126': 0.3333333333333333, 'half_10_14': 0.2, 'no_event': 0.06666666666666667})"
1368376204,35.2666666667,wsj_0176,611,"Property/casualty insurance has been a tough business in recent quarters , as pricing has been cutthroat and natural disasters such as Hurricane Hugo and the California earthquake have resulted in huge payments .",5,has_28_31 been_32_36 business_45_53 in_54_56 pricing_78_85 has_86_89 been_90_94 disasters_117_126 Hurricane_135_144 earthquake_169_179 have_180_184 resulted_185_193 in_194_196 payments_202_210,event_validation,66.0,0.441081091391,14.0,"Counter({'hurricane_135_144': 10, 'earthquake_169_179': 10, 'disasters_117_126': 9, 'pricing_78_85': 9, 'payments_202_210': 9, 'resulted_185_193': 7, 'been_32_36': 3, 'have_180_184': 2, 'been_90_94': 2, 'business_45_53': 1, 'in_194_196': 1, 'in_54_56': 1, 'has_86_89': 1, 'has_28_31': 1})",66,0.441081091391,14,15,0.546374930362,0.479073410178,"Counter({'hurricane_135_144': 0.7605584497773134, 'earthquake_169_179': 0.7605584497773134, 'disasters_117_126': 0.6939865454403125, 'payments_202_210': 0.6809462087410686, 'pricing_78_85': 0.6205505433455325, 'resulted_185_193': 0.4886948211555264, 'been_32_36': 0.23432965237978665, 'been_90_94': 0.17586620072909406, 'have_180_184': 0.12544411259945867, 'in_54_56': 0.09480685599832783, 'in_194_196': 0.09480685599832783, 'business_45_53': 0.09480685599832783, 'has_86_89': 0.09480685599832783, 'has_28_31': 0.09480685599832783})","Counter({'hurricane_135_144': 0.6666666666666666, 'earthquake_169_179': 0.6666666666666666, 'disasters_117_126': 0.6, 'pricing_78_85': 0.6, 'payments_202_210': 0.6, 'resulted_185_193': 0.4666666666666667, 'been_32_36': 0.2, 'have_180_184': 0.13333333333333333, 'been_90_94': 0.13333333333333333, 'in_54_56': 0.06666666666666667, 'in_194_196': 0.06666666666666667, 'business_45_53': 0.06666666666666667, 'has_86_89': 0.06666666666666667, 'has_28_31': 0.06666666666666667})"
1368376205,77.7333333333,WSJ900813-0157,612,There are disagreements among experts about how much pressure will be needed to make Saddam Hussein decide he 's up against the wall and whether simple economic pressure will ever be enough .,46,are_6_9 among_24_29 pressure_53_61 be_67_69 needed_70_76 make_80_84 decide_100_106 s_110_112 pressure_161_169 be_180_182,event_validation,41.0,0.80427898547,10.0,"Counter({'decide_100_106': 14, 'make_80_84': 6, 'pressure_53_61': 5, 'pressure_161_169': 4, 'needed_70_76': 4, 'among_24_29': 2, 'are_6_9': 2, 'be_67_69': 2, 'be_180_182': 1, 's_110_112': 1})",41,0.80427898547,10,15,0.556517421445,0.593496969794,"Counter({'decide_100_106': 0.9147258222261061, 'make_80_84': 0.4642736789268991, 'pressure_53_61': 0.41998642030183087, 'pressure_161_169': 0.33546349489638705, 'needed_70_76': 0.31154576218106683, 'among_24_29': 0.16329669788797432, 'are_6_9': 0.16329669788797432, 'be_67_69': 0.16329669788797432, 'be_180_182': 0.07877377248253054, 's_110_112': 0.07877377248253054})","Counter({'decide_100_106': 0.9333333333333333, 'make_80_84': 0.4, 'pressure_53_61': 0.3333333333333333, 'pressure_161_169': 0.26666666666666666, 'needed_70_76': 0.26666666666666666, 'among_24_29': 0.13333333333333333, 'are_6_9': 0.13333333333333333, 'be_67_69': 0.13333333333333333, 'be_180_182': 0.06666666666666667, 's_110_112': 0.06666666666666667})"
1368376206,34.1333333333,wsj_0768,613,"Says Michael Hirsch , chief investment officer of Republic National Bank and manager of the FundTrust Group in New York : `` It 's a time bomb just waiting to go off . ''",38,Says_0_4 investment_28_38 officer_39_46 manager_77_84 in_108_110 s_128_130 bomb_138_142 waiting_148_155 go_159_161,event_validation,36.0,0.657375735134,10.0,"Counter({'waiting_148_155': 11, 'says_0_4': 11, 'go_159_161': 5, 'investment_28_38': 2, 'bomb_138_142': 2, 'no_event': 1, 'in_108_110': 1, 'manager_77_84': 1, 's_128_130': 1, 'officer_39_46': 1})",36,0.657375735134,10,15,0.532335275173,0.511796969824,"Counter({'says_0_4': 0.7877376318673206, 'waiting_148_155': 0.714018564130171, 'go_159_161': 0.39705672211765114, 'investment_28_38': 0.16493356556348066, 'bomb_138_142': 0.16493356556348066, 'manager_77_84': 0.07877377248253054, 'in_108_110': 0.07877377248253054, 's_128_130': 0.07877377248253054, 'officer_39_46': 0.07877377248253054, 'no_event': 0.03141090287588653})","Counter({'waiting_148_155': 0.7333333333333333, 'says_0_4': 0.7333333333333333, 'go_159_161': 0.3333333333333333, 'investment_28_38': 0.13333333333333333, 'bomb_138_142': 0.13333333333333333, 'no_event': 0.06666666666666667, 'manager_77_84': 0.06666666666666667, 'in_108_110': 0.06666666666666667, 's_128_130': 0.06666666666666667, 'officer_39_46': 0.06666666666666667})"
1368376207,27.7333333333,WSJ900813-0157,614,"Iraq 's first option , of course , may be simply to sit tight and hope it can endure a trade embargo longer than the West can live without Iraqi and Kuwaiti oil .",17,be_39_41 sit_52_55 hope_66_70 endure_78_84 embargo_93_100 live_126_130,event_validation,47.0,0.536107196711,7.0,"Counter({'sit_52_55': 11, 'endure_78_84': 11, 'embargo_93_100': 8, 'hope_66_70': 8, 'live_126_130': 7, 'no_event': 1, 'be_39_41': 1})",47,0.536107196711,7,15,0.59009774013,0.517571222163,"Counter({'sit_52_55': 0.8017302892533854, 'endure_78_84': 0.7622320058855079, 'embargo_93_100': 0.663854631006928, 'hope_66_70': 0.5889647664676868, 'live_126_130': 0.4813566458181345, 'be_39_41': 0.07877377248253054, 'no_event': 0.032347192586128476})","Counter({'sit_52_55': 0.7333333333333333, 'endure_78_84': 0.7333333333333333, 'embargo_93_100': 0.5333333333333333, 'hope_66_70': 0.5333333333333333, 'live_126_130': 0.4666666666666667, 'no_event': 0.06666666666666667, 'be_39_41': 0.06666666666666667})"
1368376208,29.8,NYT19980424.0421,615,But the child of an unwed American father has no citizenship rights unless the father takes the affirmative step of acknowledging paternity and formally agrees to provide support until the child turns 18 .,3,has_42_45 takes_86_91 acknowledging_116_129 agrees_153_159 provide_163_170 support_171_178 turns_195_200,event_validation,63.0,0.466745904951,7.0,"Counter({'acknowledging_116_129': 12, 'agrees_153_159': 12, 'provide_163_170': 12, 'takes_86_91': 10, 'turns_195_200': 8, 'support_171_178': 8, 'has_42_45': 1})",63,0.466745904951,7,15,0.715541199192,0.650808246144,"Counter({'agrees_153_159': 0.8547083286777541, 'provide_163_170': 0.8547083286777541, 'acknowledging_116_129': 0.847535069672772, 'takes_86_91': 0.7416748671527557, 'turns_195_200': 0.6489746972972668, 'support_171_178': 0.5844760738176004, 'has_42_45': 0.07630857459667745})","Counter({'acknowledging_116_129': 0.8, 'agrees_153_159': 0.8, 'provide_163_170': 0.8, 'takes_86_91': 0.6666666666666666, 'turns_195_200': 0.5333333333333333, 'support_171_178': 0.5333333333333333, 'has_42_45': 0.06666666666666667})"
1368376209,24.4666666667,APW19980322.0749,616,"The crucible is Portadown , 30 miles -LRB- 50 kms -RRB- southwest of Belfast , where Orangemen march each July from their rural church back downtown _ through the town 's main Catholic area .",17,is_13_15 march_95_100 back_135_139,event_validation,17.0,0.963863194683,4.0,"Counter({'march_95_100': 12, 'no_event': 3, 'is_13_15': 1, 'back_135_139': 1})",17,0.963863194683,4,15,0.742358596226,0.612865266296,"Counter({'march_95_100': 0.8961937880749634, 'no_event': 0.10380621192503652, 'is_13_15': 0.07630857459667745, 'back_135_139': 0.07630857459667745})","Counter({'march_95_100': 0.8, 'no_event': 0.2, 'is_13_15': 0.06666666666666667, 'back_135_139': 0.06666666666666667})"
1368376210,36.6,NYT20000414.0296,617,"But the opinion of the woman who runs the modest business , which sells everything from prescription drugs to chewing gum and toys , carries a lot of weight in this part of Miami .",2,opinion_8_15 runs_33_37 business_49_57 sells_66_71 carries_133_140 in_157_159 part_165_169,event_validation,46.0,0.640768243288,7.0,"Counter({'sells_66_71': 15, 'runs_33_37': 13, 'carries_133_140': 12, 'opinion_8_15': 2, 'business_49_57': 2, 'part_165_169': 1, 'in_157_159': 1})",46,0.640768243288,7,15,0.830668044742,0.805731912618,"Counter({'sells_66_71': 1.0, 'runs_33_37': 0.9140126111107091, 'carries_133_140': 0.8574692195068809, 'opinion_8_15': 0.1487834617306623, 'business_49_57': 0.14810211260172362, 'part_165_169': 0.07144395614339889, 'in_157_159': 0.07144395614339889})","Counter({'sells_66_71': 1.0, 'runs_33_37': 0.8666666666666667, 'carries_133_140': 0.8, 'opinion_8_15': 0.13333333333333333, 'business_49_57': 0.13333333333333333, 'part_165_169': 0.06666666666666667, 'in_157_159': 0.06666666666666667})"
1368376211,31.2,WSJ910225-0066,618,"The American hope is that someone from within Iraq , perhaps from the army 's professional ranks , will step forward and push Saddam Hussein aside so that the country can begin recovering from the disaster .",61,hope_13_17 is_18_20 step_104_108 push_121_125 begin_171_176 recovering_177_187 disaster_197_205,event_validation,53.0,0.493417434418,7.0,"Counter({'disaster_197_205': 11, 'step_104_108': 11, 'push_121_125': 10, 'begin_171_176': 9, 'recovering_177_187': 8, 'hope_13_17': 3, 'no_event': 1})",53,0.493417434418,7,15,0.627386363681,0.555428453073,"Counter({'step_104_108': 0.8096481335146178, 'disaster_197_205': 0.7547874041525028, 'push_121_125': 0.7226789075272929, 'begin_171_176': 0.6563354069045735, 'recovering_177_187': 0.5887504704458779, 'hope_13_17': 0.23273257412742795, 'no_event': 0.028559498303543394})","Counter({'disaster_197_205': 0.7333333333333333, 'step_104_108': 0.7333333333333333, 'push_121_125': 0.6666666666666666, 'begin_171_176': 0.6, 'recovering_177_187': 0.5333333333333333, 'hope_13_17': 0.2, 'no_event': 0.06666666666666667})"
1368376212,29.1333333333,wsj_0760,619,"Operating profit for the abrasives , engineering materials and petroleum services concern was $ 19.2 million , or 91 cents a share , up 3 % from $ 18.7 million , or 87 cents a share .",2,Operating_0_9 profit_10_16 for_17_20 services_73_81 concern_82_89 was_90_93,event_validation,27.0,0.698963245329,7.0,"Counter({'operating_0_9': 8, 'no_event': 5, 'services_73_81': 4, 'concern_82_89': 3, 'profit_10_16': 3, 'for_17_20': 2, 'was_90_93': 2})",27,0.698963245329,7,15,0.297496253399,0.309057345233,"Counter({'operating_0_9': 0.5424235922900247, 'services_73_81': 0.3167694014587213, 'no_event': 0.2936039822306458, 'concern_82_89': 0.23050458475136587, 'profit_10_16': 0.23050458475136587, 'for_17_20': 0.15210010527095102, 'was_90_93': 0.15210010527095102})","Counter({'operating_0_9': 0.5333333333333333, 'no_event': 0.3333333333333333, 'services_73_81': 0.26666666666666666, 'concern_82_89': 0.2, 'profit_10_16': 0.2, 'for_17_20': 0.13333333333333333, 'was_90_93': 0.13333333333333333})"
1368376213,36.4666666667,wsj_0520,620,"In addition to selling Japanese-made photocopiers and facsimile machines in Europe and copier supplies in the U.S. , Nashua has three other major businesses : labels and tapes , data storage disks for computers and mail-order photofinishing .",15,In_0_2 addition_3_11 selling_15_22 in_73_75 in_103_105 has_124_127 businesses_146_156 for_197_200,event_validation,39.0,0.850571965686,8.0,"Counter({'selling_15_22': 15, 'businesses_146_156': 5, 'addition_3_11': 4, 'has_124_127': 3, 'in_103_105': 3, 'for_197_200': 3, 'in_0_2': 3, 'in_73_75': 3})",39,0.850571965686,8,15,0.691576164556,0.706074520362,"Counter({'selling_15_22': 1.0, 'businesses_146_156': 0.34762352027647186, 'addition_3_11': 0.2954838152396633, 'has_124_127': 0.22750964810734595, 'in_73_75': 0.22750964810734595, 'for_197_200': 0.22750964810734595, 'in_0_2': 0.22750964810734595, 'in_103_105': 0.22750964810734595})","Counter({'selling_15_22': 1.0, 'businesses_146_156': 0.3333333333333333, 'addition_3_11': 0.26666666666666666, 'has_124_127': 0.2, 'in_73_75': 0.2, 'for_197_200': 0.2, 'in_0_2': 0.2, 'in_103_105': 0.2})"
1368376214,47.5333333333,WSJ900813-0157,621,The naval interdiction force is part of an overall American strategy that officials say is designed to leave the Iraqi leader with only the stark choice of backing out of Kuwait or launching new attacks to change his situation .,15,interdiction_10_22 force_23_28 is_29_31 part_32_36 strategy_60_68 say_84_87 is_88_90 designed_91_99 leave_103_108 leader_119_125 backing_156_163 out_164_167 launching_181_190 attacks_195_202 change_206_212 situation_217_226,event_validation,118.0,0.434539598671,16.0,"Counter({'launching_181_190': 14, 'attacks_195_202': 12, 'leave_103_108': 12, 'designed_91_99': 9, 'strategy_60_68': 9, 'say_84_87': 9, 'backing_156_163': 8, 'change_206_212': 8, 'force_23_28': 6, 'situation_217_226': 6, 'interdiction_10_22': 6, 'out_164_167': 5, 'leader_119_125': 4, 'is_29_31': 4, 'is_88_90': 3, 'part_32_36': 3})",118,0.434539598671,16,15,0.580921344765,0.553386943782,"Counter({'launching_181_190': 0.9521686618760593, 'attacks_195_202': 0.8457900174890168, 'leave_103_108': 0.8303152750189984, 'designed_91_99': 0.6587790739134107, 'strategy_60_68': 0.6295960066584241, 'say_84_87': 0.5945282235156673, 'change_206_212': 0.5856633002409529, 'backing_156_163': 0.5829423594673178, 'situation_217_226': 0.42226632556647425, 'interdiction_10_22': 0.41695481204181845, 'force_23_28': 0.4126869104731533, 'out_164_167': 0.3696800483457043, 'is_29_31': 0.30392026497637, 'leader_119_125': 0.29925861535406995, 'is_88_90': 0.2308044913039122, 'part_32_36': 0.2308044913039122})","Counter({'launching_181_190': 0.9333333333333333, 'attacks_195_202': 0.8, 'leave_103_108': 0.8, 'designed_91_99': 0.6, 'say_84_87': 0.6, 'strategy_60_68': 0.6, 'backing_156_163': 0.5333333333333333, 'change_206_212': 0.5333333333333333, 'force_23_28': 0.4, 'interdiction_10_22': 0.4, 'situation_217_226': 0.4, 'out_164_167': 0.3333333333333333, 'leader_119_125': 0.26666666666666666, 'is_29_31': 0.26666666666666666, 'is_88_90': 0.2, 'part_32_36': 0.2})"
1368376215,35.5333333333,WSJ900813-0157,622,"American strategists are calculating , though , that the trade sanctions -- enforced by an effective though perhaps undeclared naval blockade -- will hold tightly enough to convince Iraq that it will lose in the long run by simply standing pat .",25,are_21_24 calculating_25_36 sanctions_63_72 enforced_76_84 effective_91_100 blockade_133_141 hold_150_154 convince_173_181 lose_200_204 in_205_207 run_217_220 standing_231_239,event_validation,114.0,0.42157457049,12.0,"Counter({'enforced_76_84': 15, 'calculating_25_36': 15, 'convince_173_181': 13, 'standing_231_239': 11, 'blockade_133_141': 11, 'hold_150_154': 10, 'lose_200_204': 10, 'sanctions_63_72': 10, 'run_217_220': 8, 'effective_91_100': 4, 'are_21_24': 4, 'in_205_207': 3})",114,0.42157457049,12,15,0.741825831354,0.725588461056,"Counter({'enforced_76_84': 1.0, 'calculating_25_36': 1.0, 'convince_173_181': 0.8827435385992977, 'standing_231_239': 0.769142744884868, 'blockade_133_141': 0.7554320609157853, 'hold_150_154': 0.7010985005235414, 'lose_200_204': 0.7010985005235414, 'sanctions_63_72': 0.6982748267129508, 'run_217_220': 0.585346400051067, 'are_21_24': 0.2806543272319172, 'effective_91_100': 0.27875989884666047, 'in_205_207': 0.2301586616690752})","Counter({'enforced_76_84': 1.0, 'calculating_25_36': 1.0, 'convince_173_181': 0.8666666666666667, 'standing_231_239': 0.7333333333333333, 'blockade_133_141': 0.7333333333333333, 'hold_150_154': 0.6666666666666666, 'lose_200_204': 0.6666666666666666, 'sanctions_63_72': 0.6666666666666666, 'run_217_220': 0.5333333333333333, 'effective_91_100': 0.26666666666666666, 'are_21_24': 0.26666666666666666, 'in_205_207': 0.2})"
1368376216,39.4666666667,wsj_0583,623,"Usually when a Japanese company is ready to sell , it has few alternatives remaining , and the grim demeanors of Sansui 's directors at a joint news conference here left little doubt that this was not the company 's finest hour .",12,is_32_34 ready_35_40 sell_44_48 has_54_57 remaining_75_84 directors_123_132 at_133_135 conference_149_159 here_160_164 left_165_169 was_193_196,event_validation,68.0,0.596962005796,11.0,"Counter({'sell_44_48': 14, 'conference_149_159': 11, 'ready_35_40': 8, 'remaining_75_84': 7, 'left_165_169': 6, 'was_193_196': 5, 'is_32_34': 4, 'directors_123_132': 4, 'at_133_135': 3, 'has_54_57': 3, 'here_160_164': 3})",68,0.596962005796,11,15,0.576715742979,0.568796673763,"Counter({'sell_44_48': 0.9327456362786309, 'conference_149_159': 0.7811286918172458, 'ready_35_40': 0.5579204432734672, 'remaining_75_84': 0.48544765820123215, 'left_165_169': 0.437564244170151, 'was_193_196': 0.3767403575166769, 'is_32_34': 0.30490604651543274, 'directors_123_132': 0.27464271337300467, 'at_133_135': 0.2267592993419234, 'has_54_57': 0.2267592993419234, 'here_160_164': 0.2267592993419234})","Counter({'sell_44_48': 0.9333333333333333, 'conference_149_159': 0.7333333333333333, 'ready_35_40': 0.5333333333333333, 'remaining_75_84': 0.4666666666666667, 'left_165_169': 0.4, 'was_193_196': 0.3333333333333333, 'is_32_34': 0.26666666666666666, 'directors_123_132': 0.26666666666666666, 'at_133_135': 0.2, 'has_54_57': 0.2, 'here_160_164': 0.2})"
1368376217,39.2666666667,wsj_0745,624,"The Conservatives do n't dare jeopardize marginal Tory seats in Coventry , where Jaguar has headquarters , nor can the government easily back down on promised protection for a privatized company while it proceeds with controversial plans to privatize most of Britain 's water and electricity industries .",26,do_18_20 in_61_63 has_88_91 back_137_141 down_142_146 on_147_149 promised_150_158 for_170_173 proceeds_204_212 plans_232_237,event_validation,69.0,0.47032603729,11.0,"Counter({'promised_150_158': 11, 'proceeds_204_212': 11, 'plans_232_237': 9, 'back_137_141': 9, 'down_142_146': 8, 'do_18_20': 5, 'has_88_91': 4, 'in_61_63': 4, 'on_147_149': 3, 'for_170_173': 3, 'no_event': 2})",69,0.47032603729,11,15,0.50294135045,0.45750065031,"Counter({'promised_150_158': 0.7884700929184512, 'proceeds_204_212': 0.751530819431074, 'back_137_141': 0.6896216866747963, 'plans_232_237': 0.6739729928267638, 'down_142_146': 0.6182633106013015, 'do_18_20': 0.3970698154477866, 'has_88_91': 0.32114547879117944, 'in_61_63': 0.32114547879117944, 'on_147_149': 0.2388366009456243, 'for_170_173': 0.2388366009456243, 'no_event': 0.12040937979058233})","Counter({'proceeds_204_212': 0.7333333333333333, 'promised_150_158': 0.7333333333333333, 'plans_232_237': 0.6, 'back_137_141': 0.6, 'down_142_146': 0.5333333333333333, 'do_18_20': 0.3333333333333333, 'has_88_91': 0.26666666666666666, 'in_61_63': 0.26666666666666666, 'on_147_149': 0.2, 'for_170_173': 0.2, 'no_event': 0.13333333333333333})"
1368376218,35.2666666667,wsj_0584,625,"Urging LIN directors to conduct `` a fair auction on a level playing field , '' McCaw asked how well the public interest would be served `` with the Bell operating companies controlling over 94 % of all cellular -LCB- potential customers -RCB- in the nation 's top 10 markets . ''",47,directors_11_20 conduct_24_31 fair_37_41 auction_42_49 on_50_52 asked_86_91 interest_112_120 be_127_129 served_130_136 operating_154_163 controlling_174_185 in_244_246 markets_268_275,event_validation,94.0,0.448009585917,13.0,"Counter({'controlling_174_185': 13, 'conduct_24_31': 12, 'operating_154_163': 11, 'asked_86_91': 10, 'served_130_136': 10, 'auction_42_49': 9, 'interest_112_120': 6, 'markets_268_275': 5, 'on_50_52': 4, 'fair_37_41': 4, 'directors_11_20': 4, 'in_244_246': 3, 'be_127_129': 3})",94,0.448009585917,13,15,0.614903612402,0.570956036721,"Counter({'controlling_174_185': 0.8739060554400947, 'conduct_24_31': 0.851149452247681, 'operating_154_163': 0.8060462043752404, 'served_130_136': 0.7567188050073683, 'asked_86_91': 0.7455769881391575, 'auction_42_49': 0.6263049630329289, 'interest_112_120': 0.4681640933669021, 'markets_268_275': 0.39198183997499086, 'on_50_52': 0.32114547879117944, 'fair_37_41': 0.30967296212943574, 'directors_11_20': 0.2892703070033017, 'in_244_246': 0.2388366009456243, 'be_127_129': 0.2388366009456243})","Counter({'controlling_174_185': 0.8666666666666667, 'conduct_24_31': 0.8, 'operating_154_163': 0.7333333333333333, 'asked_86_91': 0.6666666666666666, 'served_130_136': 0.6666666666666666, 'auction_42_49': 0.6, 'interest_112_120': 0.4, 'markets_268_275': 0.3333333333333333, 'on_50_52': 0.26666666666666666, 'fair_37_41': 0.26666666666666666, 'directors_11_20': 0.26666666666666666, 'in_244_246': 0.2, 'be_127_129': 0.2})"
1368376219,40.8,WSJ900813-0157,626,"If Iraq chooses a simple war of nerves and economic attrition , the Bush administration knows a long stalemate could try the patience of the American public and the West in general , and could open the possibility that moderate Arabs -- even including Saudi Arabia -- might drop out of the effort against Iraq and accept some deal from Saddam Hussein .",40,chooses_8_15 war_25_28 knows_88_93 try_117_120 in_170_172 open_193_197 including_242_251 drop_274_278 out_279_282 effort_290_296 accept_314_320 deal_326_330,event_validation,110.0,0.38879659296,12.0,"Counter({'drop_274_278': 13, 'accept_314_320': 13, 'chooses_8_15': 12, 'open_193_197': 11, 'deal_326_330': 10, 'war_25_28': 10, 'try_117_120': 10, 'knows_88_93': 9, 'effort_290_296': 8, 'out_279_282': 6, 'including_242_251': 5, 'in_170_172': 3})",110,0.38879659296,12,15,0.701778474399,0.637294291327,"Counter({'accept_314_320': 0.9457323141029313, 'chooses_8_15': 0.8770377240556928, 'drop_274_278': 0.8758121483234833, 'open_193_197': 0.8144050857481749, 'try_117_120': 0.7570216659473777, 'deal_326_330': 0.7104902145283234, 'war_25_28': 0.7006636621913901, 'knows_88_93': 0.6660287808054052, 'effort_290_296': 0.5953980312114348, 'out_279_282': 0.4461208669220029, 'including_242_251': 0.3735618989888576, 'in_170_172': 0.23161526250144343})","Counter({'accept_314_320': 0.8666666666666667, 'drop_274_278': 0.8666666666666667, 'chooses_8_15': 0.8, 'open_193_197': 0.7333333333333333, 'deal_326_330': 0.6666666666666666, 'war_25_28': 0.6666666666666666, 'try_117_120': 0.6666666666666666, 'knows_88_93': 0.6, 'effort_290_296': 0.5333333333333333, 'out_279_282': 0.4, 'including_242_251': 0.3333333333333333, 'in_170_172': 0.2})"
