unit,videolocation,subtitles,imagetags,subtitletags,uqs,uqs_initial,archeologist,architect,artist,astronaut,athlete,businessperson,celebrity,chef,criminal,engineer,farmer,fictionalcharacter,journalist,judge,lawyer,militaryperson,model,monarch,philosopher,politician,presenter,producer,psychologist,scientist,sportsmanager,writer,none,other,archeologist_initial_initial,architect_initial,artist_initial,astronaut_initial,athlete_initial,businessperson_initial,celebrity_initial,chef_initial,criminal_initial,engineer_initial,farmer_initial,fictionalcharacter_initial,journalist_initial,judge_initial,lawyer_initial,militaryperson_initial,model_initial,monarch_initial,philosopher_initial,politician_initial,presenter_initial,producer_initial,psychologist_initial,scientist_initial,sportsmanager_initial,writer_initial,none_initial,other_initial
1856509899,https://joran.org/ct/entity.admin.unit.2649/8559.mp4,Italian astronaut samantha cristoforetti uploads a strange photograph she's taken,industry__c0_###_grinder__c1_###_production__c2_###_technology__c3_###_equipment__c4_###_central processing unit__i0_###_hardware__i1_###_technology__i2_###_business__i3_###_computer__i4_###_,Italian__0_###_astronaut__1_###_samantha__2_###_strange__3_###_photograph__4_###_,0.9194612759618217,0.8659632030999544,0.0,0.0,0.0,1.0,0.0,0.0,0.0,0.0,0.0,0.0,0.0,0.0,0.0,0.0,0.0,0.0,0.0,0.0,0.0,0.0,0.053738371540478724,0.0,0.0,0.16910975889303773,0.0,0.0,0.0,0.04913521115993079,0,0,0,0,0,0,0,0,0,0,0,0,0,0,0,0,0,0,0,0,0,0,0,0,0,0,0,0
1856509900,https://joran.org/ct/entity.admin.unit.2649/8561.mp4,this phenomena is it's massive the,man__c0_###_soccer__c1_###_portrait__c2_###_people__c3_###_business__c4_###_male__i0_###_man__i1_###_portrait__i2_###_person__i3_###_face__i4_###_,phenomena__0_###_massive__1_###_,0.2909024141149356,0.23917594569612932,0.05428357541108762,0.0,0.0,0.0,0.0,0.0,0.007285683902434044,0.0,0.0,0.0,0.0,0.003195484267705282,0.06966766791271392,0.0,0.0,0.0,0.0,0.0,0.0,0.0,0.06966766791271392,0.003195484267705282,0.003195484267705282,0.24612111859216143,0.0,0.003195484267705282,0.20577143352524466,0.5129405165051204,0,0,0,0,0,0,0,0,0,0,0,0,0,0,0,0,0,0,0,0,0,0,0,0,0,0,0,0
1856509901,https://joran.org/ct/entity.admin.unit.2649/8563.mp4,around could the lights be coming from,people__c0_###_man__c1_###_adult__c2_###_portrait__c3_###_one__c4_###_man__i0_###_male__i1_###_adult__i2_###_person__i3_###_people__i4_###_,lights__0_###_coming__1_###_,0.2951468750659432,0.21649457551154735,0.0,0.0,0.00613916749249373,0.0,0.0,0.006116499220255471,0.00613916749249373,0.0,0.0,0.0,0.0,0.0,0.0,0.0,0.0,0.0,0.0,0.0,0.02378993728994873,0.0,0.08146908692815534,0.056733043509090975,0.0,0.4462041310085751,0.0,0.0,0.32695541464945976,0.24847399997747394,0,0,0,0,0,0,0,0,0,0,0,0,0,0,0,0,0,0,0,0,0,0,0,0,0,0,0,0
1856509902,https://joran.org/ct/entity.admin.unit.2649/8565.mp4,when investigators map the coordinates onto local charts they realized the lights form a pattern that exactly matches the territorial waters of the Falkland Islands this is the smoking gun,water__c0_###_no person__c1_###_ocean__c2_###_nature__c3_###_sea__c4_###_ocean__i0_###_sea__i1_###_water__i2_###_grey whale__i3_###_wave__i4_###_,investigators__0_###_map__1_###_coordinates__2_###_local__3_###_realized__4_###_lights__5_###_matches__6_###_territorial waters__7_###_Falkland Islands__8_###_smoking gun__9_###_,0.5528693761542081,0.3340782828113311,0.0,0.0,0.0,0.0,0.0,0.0030608021961313413,0.0,0.0,0.0,0.0,0.0,0.0,0.026699045851841702,0.0,0.0,0.0,0.0,0.0,0.0068644440354767656,0.0,0.028350334723753097,0.0030608021961313413,0.0,0.15804046047341153,0.0,0.0,0.7431218367110191,0.06668372625247093,0,0,0,0,0,0,0,0,0,0,0,0,0,0,0,0,0,0,0,0,0,0,0,0,0,0,0,0
1856509903,https://joran.org/ct/entity.admin.unit.2649/8570.mp4,the bright lights are part of a,sky__c0_###_no person__c1_###_power__c2_###_electricity__c3_###_energy__c4_###_wire__i0_###_crane__i1_###_sky__i2_###_power__i3_###_cable__i4_###_,bright lights__0_###_,0.9638423128230821,0.5578947368421052,0.00010369829121803017,0.0,0.0,0.0,0.0,0.0,0.0,0.0,0.0,0.0,0.0,0.00357733008126644,0.0,0.0,0.0,0.0,0.0,0.0,0.0,0.0,0.0,0.0,0.0,0.004976006750241188,0.0,0.00357733008126644,0.9830831242894291,0.00825984058784538,0,0,0,0,0,0,0,0,0,0,0,0,0,0,0,0,0,0,0,0,0,0,0,0,0,0,0,0
1856509904,https://joran.org/ct/entity.admin.unit.2649/8574.mp4,bright lights certain species will be attracted to the surface the plankton comes to the surface the smaller fish go after the plankton the larger fish go after the smaller fish the squid go after the even larger fish sounds,seafood__c0_###_fish__c1_###_food__c2_###_no person__c3_###_nature__c4_###_fish__i0_###_close__i1_###_black__i2_###_design__i3_###_color__i4_###_,bright lights__0_###_species__1_###_attracted__2_###_surface__3_###_plankton__4_###_surface__5_###_fish__6_###_plankton__7_###_fish__8_###_fish__9_###_squid__10_###_fish__11_###_sounds__12_###_,0.3218858119802462,0.28723126306733937,0.0,0.0,0.0,0.0,0.0,0.10968963150288276,0.0,0.0,0.0,0.0,0.04667851433665513,0.0,0.06494800841622554,0.0,0.0,0.0,0.0,0.0,0.0,0.0,0.16391633423127205,0.0,0.0,0.5410026705617363,0.0,0.0,0.0,0.3026291835987258,0,0,0,0,0,0,0,0,0,0,0,0,0,0,0,0,0,0,0,0,0,0,0,0,0,0,0,0
1856509905,https://joran.org/ct/entity.admin.unit.2649/8576.mp4,thousands of unlicensed unregulated fishermen out there just stripping the,portrait__c0_###_people__c1_###_man__c2_###_adult__c3_###_one__c4_###_man__i0_###_businessman__i1_###_male__i2_###_business__i3_###_suit__i4_###_,fishermen__0_###_stripping__1_###_,0.14627794907232683,0.11625413183671357,0.0,3.395371417229443e-05,0.005696670688424702,3.395371417229443e-05,3.395371417229443e-05,0.10163406871362902,0.0,0.0,0.0,0.0,0.0,0.0,0.14534325083723282,0.0,0.02078517719655279,0.0,0.0,0.0,0.005641807948698452,0.03781678033568677,0.14493023261166396,0.0,0.0,0.2291991587981528,0.0,0.0,0.21943896131257376,0.28844109454744976,0,0,0,0,0,0,0,0,0,0,0,0,0,0,0,0,0,0,0,0,0,0,0,0,0,0,0,0
1856509906,https://joran.org/ct/entity.admin.unit.2649/8578.mp4,illegal fishing in this area is big business one night's catch of squid can net up to 72 thousand dollars these,people__c0_###_one__c1_###_vehicle__c2_###_water__c3_###_adult__c4_###_ganoid__i0_###_summer__i1_###_water__i2_###_gar__i3_###_syringe__i4_###_,illegal fishing__0_###_area__1_###_big business__2_###_night__3_###_catch__4_###_squid__5_###_net__6_###_dollars__7_###_,0.4279944882324654,0.3356323142053457,0.0,0.0,0.0,0.0,0.0,0.0,0.0,0.0,0.19575520139814562,0.005796050382840686,0.005817531044123172,0.0,0.053760748871124635,0.0,0.0,0.0,0.0,0.0,0.0,0.0,0.07511417588298946,0.0,0.0,0.0,0.0,0.0,0.1871079880657658,0.6601805167672911,0,0,0,0,0,0,0,0,0,0,0,0,0,0,0,0,0,0,0,0,0,0,0,0,0,0,0,0
1856509907,https://joran.org/ct/entity.admin.unit.2649/8580.mp4,fishing boats were caught in the area one was sunk without Christopher Eddie's,no person__c0_###_vehicle__c1_###_water__c2_###_light__c3_###_evening__c4_###_sky__i0_###_water__i1_###_landscape__i2_###_liquid__i3_###_swimmer__i4_###_,fishing boats__0_###_area__1_###_Christopher__2_###_Eddie__3_###_,0.3800989173021214,0.29191632429019865,0.0,0.0,0.0,0.0,0.0,0.0,0.0,0.0,0.152496599124687,0.0,0.0,0.0,0.05340935562950675,0.0,0.0,0.0,0.0,0.0,0.0,0.0,0.07462321148406986,0.0,0.0,0.0,0.0,0.0,0.5843845075181097,0.24190503750264036,0,0,0,0,0,0,0,0,0,0,0,0,0,0,0,0,0,0,0,0,0,0,0,0,0,0,0,0
1856509908,https://joran.org/ct/entity.admin.unit.2649/8583.mp4,enterprise might never have been,Christmas__c0_###_light__c1_###_abstract__c2_###_blur__c3_###_shining__c4_###_star__i0_###_space__i1_###_stars__i2_###_light__i3_###_design__i4_###_,enterprise__0_###_,0.9985288462365683,0.9,0.0,0.0,0.0,0.0,0.0,0.0,0.0,0.0,0.0,0.0,0.0,0.0,0.0,0.0,0.0,0.0,0.0,0.0,0.0006963646339910917,0.0,0.0,0.0,0.0,0.0,0.0,0.0,0.9993036353660087,0.0,0,0,0,0,0,0,0,0,0,0,0,0,0,0,0,0,0,0,0,0,0,0,0,0,0,0,0,0
1856509909,https://joran.org/ct/entity.admin.unit.2643/8606.mp4,she's all that to the degree that I just,illustration__c0_###_vector__c1_###_symbol__c2_###_design__c3_###_image__c4_###_icon__i0_###_set__i1_###_design__i2_###_symbol__i3_###_map__i4_###_,,0.9985115886681478,0.9,0.0,0.0,0.0,0.0,0.0,0.0,0.0,0.0,0.0,0.0,0.0,0.0007045170469407446,0.0,0.0,0.0,0.0,0.0,0.0,0.0,0.0,0.0,0.0,0.0,0.0,0.0,0.0,0.9992954829530593,0.0,0,0,0,0,0,0,0,0,0,0,0,0,0,0,0,0,0,0,0,0,0,0,0,0,0,0,0,0
1856509910,https://joran.org/ct/entity.admin.unit.2643/8612.mp4,rooted in any story of the girl or boy,art__c0_###_painting__c1_###_people__c2_###_adult__c3_###_illustration__c4_###_man__i0_###_people__i1_###_person__i2_###_male__i3_###_adult__i4_###_,rooted__0_###_story__1_###_girl__2_###_boy__3_###_,0.3855999706303316,0.31552498667529383,0.0,0.0006963646339910917,0.06797072084895306,0.0,0.0,0.0,0.0,0.0,0.0,0.0,0.0,0.30992545402310206,0.0,0.0,0.0,0.0,0.023820475327484235,0.0,0.0,0.0,0.0,0.0,0.0,0.0,0.0,0.0,0.5671084334111536,0.11002200151265867,0,0,0,0,0,0,0,0,0,0,0,0,0,0,0,0,0,0,0,0,0,0,0,0,0,0,0,0
1856509911,https://joran.org/ct/entity.admin.unit.2643/8618.mp4,a princess shut up all right so there,woman__c0_###_outdoors__c1_###_people__c2_###_one__c3_###_adolescent__c4_###_coat__i0_###_fur coat__i1_###_person__i2_###_portrait__i3_###_model__i4_###_,,0.547695304111964,0.46489937291402156,0.0,0.0,0.21979110604885052,0.0,0.0,0.0,0.7522157473492056,0.0,0.0,0.0,0.0,0.3511417032083107,0.0,0.0,0.0,0.0,0.0,0.13297340991467757,0.0,0.0,0.0,0.0,0.0,0.0,0.0,0.0,0.0,0.0,0,0,0,0,0,0,0,0,0,0,0,0,0,0,0,0,0,0,0,0,0,0,0,0,0,0,0,0
1856509912,https://joran.org/ct/entity.admin.unit.2643/8625.mp4,what I tell you hot right yeah baby number three their friends convince them,people__c0_###_portrait__c1_###_man__c2_###_adult__c3_###_wear__c4_###_man__i0_###_male__i1_###_adult__i2_###_business__i3_###_people__i4_###_,hot__0_###_baby__1_###_number__2_###_friends__3_###_,0.3148372242649012,0.25888935720542083,0.0,0.0,0.08071758817388054,0.0,0.0,0.16218471441618376,0.35085944816560627,0.0,0.0,0.0,0.0,0.3136098465308795,0.0,0.0,0.0,0.0,0.0,0.0,0.0,0.0,0.0,0.04815351621098696,0.0,0.0,0.0,0.0,0.05506414465471065,0.4912220569506892,0,0,0,0,0,0,0,0,0,0,0,0,0,0,0,0,0,0,0,0,0,0,0,0,0,0,0,0
1856509913,https://joran.org/ct/entity.admin.unit.2643/8636.mp4,it's occasionally been gender flipped and you have the guy like does his hair,indoors__c0_###_people__c1_###_furniture__c2_###_room__c3_###_woman__c4_###_four-poster__i0_###_bed__i1_###_furniture__i2_###_bedroom furniture__i3_###_home__i4_###_,gender__0_###_flipped__1_###_guy__2_###_hair__3_###_,0.4246553453594709,0.3507424202638455,0.0,0.0,0.3516343828503798,0.0,0.024651875985681908,0.1295559930134169,0.5818761567173438,0.0,0.0,0.0,0.0,0.27508527390304904,0.0,0.0,0.0,0.0,0.554539419444105,0.0,0.0,0.0,0.0,0.0007206696911776614,0.0,0.0,0.0,0.0,0.0,0.10813775311036053,0,0,0,0,0,0,0,0,0,0,0,0,0,0,0,0,0,0,0,0,0,0,0,0,0,0,0,0
1856509914,https://joran.org/ct/entity.admin.unit.2643/8640.mp4,Austen novel Emma as it really gets it some of her themes at social class and,paper__c0_###_retro__c1_###_dirty__c2_###_no person__c3_###_handwritten__c4_###_paper__i0_###_document__i1_###_texture__i2_###_blank__i3_###_design__i4_###_,Austen__0_###_Emma__1_###_themes__2_###_social class__3_###_,0.6824425257825796,0.5631578947368421,0.0,0.0,0.0,0.0,0.0,0.0,0.0,0.0,0.0,0.0,0.0,0.04840129924309019,0.0,0.0,0.0,0.0,0.0,0.0,0.0,0.0,0.023820475327484235,0.0,0.0,0.0,0.0,0.09900415302586212,0.8287740724035634,0.0,0,0,0,0,0,0,0,0,0,0,0,0,0,0,0,0,0,0,0,0,0,0,0,0,0,0,0,0
1856509915,https://joran.org/ct/entity.admin.unit.2643/8645.mp4,designated ugly fat friend the Duff,woman__c0_###_indoors__c1_###_people__c2_###_adult__c3_###_portrait__c4_###_people__i0_###_attractive__i1_###_happy__i2_###_smiling__i3_###_adult__i4_###_,fat__0_###_friend__1_###_Duff__2_###_,0.47592037425974143,0.42156176493443337,0.0,0.0,0.005771150095776655,0.0,0.0,0.0,0.6098758789219672,0.0,0.0,0.0,0.0,0.5854046774490727,0.0,0.0,0.0,0.0,0.0,0.0,0.0,0.0,0.0,0.0,0.0,0.0,0.0,0.0,0.0,0.2511920457630151,0,0,0,0,0,0,0,0,0,0,0,0,0,0,0,0,0,0,0,0,0,0,0,0,0,0,0,0
1856509916,https://joran.org/ct/entity.admin.unit.2643/8649.mp4,I'm disgusting I'm a I'm a Swamp Thing I'm a regular Bela Lugosi,people__c0_###_adult__c1_###_man__c2_###_outdoors__c3_###_portrait__c4_###_male__i0_###_man__i1_###_adult__i2_###_people__i3_###_caucasian__i4_###_,Swamp Thing__0_###_regular__1_###_Bela Lugosi__2_###_,0.34907985764912697,0.34059750588327353,0.0,0.0,0.005817531044123172,0.0,0.19462946072921114,0.0,0.35076033200206763,0.0,0.0,0.0,0.0,0.5741768976665846,0.0,0.0,0.0,0.0,0.0,0.0,0.0,0.0,0.0,0.0,0.0,0.0,0.0,0.0,0.06147608493665399,0.4134803695158108,0,0,0,0,0,0,0,0,0,0,0,0,0,0,0,0,0,0,0,0,0,0,0,0,0,0,0,0
1856509917,https://joran.org/ct/entity.admin.unit.2643/8654.mp4,okay the way they are that's ultimately,indoors__c0_###_adult__c1_###_people__c2_###_portrait__c3_###_woman__c4_###_person__i0_###_adult__i1_###_caucasian__i2_###_people__i3_###_attractive__i4_###_,,0.3467541583427304,0.29650227937560425,0.0,0.0,0.00613916749249373,0.0,0.43361240010260843,0.0,0.5372798692565267,0.056733043509090975,0.0,0.0,0.0,0.3230252974054345,0.0,0.0,0.0,0.0,0.0,0.0,0.0,0.0,0.022534003509445233,0.0,0.0,0.0,0.0,0.0,0.070529774812487,0.11565918193196786,0,0,0,0,0,0,0,0,0,0,0,0,0,0,0,0,0,0,0,0,0,0,0,0,0,0,0,0
1856509918,https://joran.org/ct/entity.admin.unit.2643/8658.mp4,paint-spattered overalls you're still like a worthwhile person,love__c0_###_fun__c1_###_people__c2_###_no person__c3_###_illustration__c4_###_person__i0_###_happy__i1_###_people__i2_###_smiling__i3_###_fun__i4_###_,overalls__0_###_person__1_###_,0.25113361152440516,0.2777416076439271,0.0,0.0,0.4464719250757905,0.0,0.0,0.0,0.3588944077608418,0.0,0.0,0.0,0.0,0.26017575467608806,0.0,0.0,0.0,0.0,0.0,0.0,0.0,0.0,0.07849273732865837,0.0,0.0,0.0,0.0,0.0,0.08361744752093231,0.17333833157017448,0,0,0,0,0,0,0,0,0,0,0,0,0,0,0,0,0,0,0,0,0,0,0,0,0,0,0,0
1856509919,https://joran.org/ct/entity.admin.unit.2848/8839.mp4,"the McMansion in Sarasota that starts falling apart after 10 years. Power...  This is called r-dropping, and it's a feature of several well-known dialects.  He would rather the",people__c0_###_indoors__c1_###_business__c2_###_adult__c3_###_man__c4_###_suit__i0_###_businessman__i1_###_man__i2_###_male__i3_###_business__i4_###_,McMansion__0_###_Sarasota__1_###_starts__2_###_falling__3_###_10 years__4_###_Power__5_###_This__6_###_called__7_###_r-dropping__8_###_feature__9_###_dialects__10_###_He__11_###_,0.5031123634525378,0.37219012930723444,0.0,0.0,0.23532271241725017,0.0,0.0,0.11003486387076003,0.7205831539353369,0.0,0.0,0.0,0.0,0.2455546267875438,0.0,0.0007366143774223186,0.0007366143774223186,0.0,0.0,0.0,0.0,0.13843743322394625,0.0,0.0,0.0,0.0,0.0,0.0,0.0,0.05158652953406377,0,0,0,0,0,0,0,0,0,0,0,0,0,0,0,0,0,0,0,0,0,0,0,0,0,0,0,0
1856509920,https://joran.org/ct/entity.admin.unit.2848/8844.mp4,South.  This war talk's spoiling all the fun at every party this spring.  R-dropping emerged,tree__c0_###_outdoors__c1_###_people__c2_###_landscape__c3_###_panoramic__c4_###_house__i0_###_architecture__i1_###_building__i2_###_structure__i3_###_sky__i4_###_,South__0_###_This__1_###_talk__2_###_spoiling__3_###_party__4_###_spring__5_###_R-dropping__6_###_emerged__7_###_,0.510297918206109,0.34760052249901363,0.0,0.0,0.04286337668389965,0.0,0.00010048680146708309,0.0,0.7103118509960819,0.0,0.0,0.0,0.0,0.5665991203427914,0.0,0.0,0.0,0.0,0.003466541766851628,0.0,0.0,0.0,0.028641909915629114,0.003466541766851628,0.0,0.0,0.0,0.003466541766851628,0.08776163343252212,0.15319834079164116,0,0,0,0,0,0,0,0,0,0,0,0,0,0,0,0,0,0,0,0,0,0,0,0,0,0,0,0
1856509921,https://joran.org/ct/entity.admin.unit.2848/8847.mp4,English didn't always talk that way. And then it spread to elites on the East Coast of the,art__c0_###_illustration__c1_###_print__c2_###_people__c3_###_painting__c4_###_drawing__i0_###_sketch__i1_###_painting__i2_###_design__i3_###_art__i4_###_,English__0_###_talk__1_###_elites__2_###_East Coast__3_###_,0.22039205156215094,0.20718352806783005,0.0,0.0007307205068133937,0.14117512063880558,0.0,0.0,0.0,0.0,0.0,0.0,0.0,0.0,0.30178404039399703,0.0,0.0,0.0,0.024995683230027283,0.09088088729672865,0.4209837895448336,0.0,0.09047332407605636,0.0,0.0,0.0,0.0,0.0,0.0,0.19079499365808056,0.2747356820933218,0,0,0,0,0,0,0,0,0,0,0,0,0,0,0,0,0,0,0,0,0,0,0,0,0,0,0,0
1856509922,https://joran.org/ct/entity.admin.unit.2848/8853.mp4,"of white Southerners essentially abandoned r-dropping, so today you'll see it mostly",people__c0_###_woman__c1_###_child__c2_###_adult__c3_###_group__c4_###_people__i0_###_caucasian__i1_###_happy__i2_###_man__i3_###_adult__i4_###_,white__0_###_Southerners__1_###_essentially__2_###_abandoned__3_###_r-dropping__4_###_today__5_###_,0.6679539765937191,0.5842105263157895,0.0,0.0,0.0,0.0,0.0,0.0006963646339910917,0.0,0.0,0.0,0.0,0.0,0.0,0.0,0.0,0.0,0.0,0.0,0.0,0.0,0.0,0.0,0.0,0.0,0.0,0.0,0.0,0.19422910079896905,0.8050745345670398,0,0,0,0,0,0,0,0,0,0,0,0,0,0,0,0,0,0,0,0,0,0,0,0,0,0,0,0
1856509923,https://joran.org/ct/entity.admin.unit.2848/8859.mp4,"part of South Carolina, and his Rs are largely intact.  going to sell the oil to another",map__c0_###_geography__c1_###_cartography__c2_###_margin__c3_###_country__c4_###_map__i0_###_representation__i1_###_geography__i2_###_country__i3_###_atlas__i4_###_,South Carolina__0_###_Rs__1_###_intact__2_###_sell__3_###_oil__4_###_,0.5143134955091607,0.24375802991789303,0.008022858246220134,0.0,0.04772197968499868,0.0,0.0,0.0,0.04772197968499868,0.0,0.0,0.0,0.0,0.03453329260379111,0.0,0.0,0.0,0.0,0.0,0.0,0.0,0.05109576927325243,0.033134615934816355,0.03478199269802275,0.0,0.0,0.0,0.00357733008126644,0.7306803652078175,0.09813974903613867,0,0,0,0,0,0,0,0,0,0,0,0,0,0,0,0,0,0,0,0,0,0,0,0,0,0,0,0
1856509924,https://joran.org/ct/entity.admin.unit.2848/8862.mp4,"How close does that sound to the Kentucky accent where they talk like that and I'm talking like this?  Regardless, R-dropping probably can't be the shortcut that white actors use",business__c0_###_chair__c1_###_politician__c2_###_adult__c3_###_people__c4_###_business__i0_###_businessman__i1_###_man__i2_###_office__i3_###_businesswoman__i4_###_,How__0_###_sound__1_###_Kentucky accent__2_###_talk__3_###_I'm talking__4_###_R-dropping__5_###_white__6_###_actors__7_###_,0.8309613641643043,0.5837351478062983,0.0,0.0,0.028361092348035837,0.0,0.0,0.0,0.975984420684919,0.0,0.0,0.0,0.0,0.0,0.0587972459857225,0.0,0.0,0.0,0.0,0.0,0.0,0.0,0.22333804594378723,0.0,0.0,0.0,0.0,0.0,0.0,0.1266160848002486,0,0,0,0,0,0,0,0,0,0,0,0,0,0,0,0,0,0,0,0,0,0,0,0,0,0,0,0
1856509925,https://joran.org/ct/entity.admin.unit.2848/8868.mp4,"speech, /ay/ is a one-part vowel in many cases, sounding more like ah than ay.  Five   and",no person__c0_###_desktop__c1_###_illustration__c2_###_text__c3_###_symbol__c4_###_sign__i0_###_icon__i1_###_symbol__i2_###_business__i3_###_graphic__i4_###_,ay__0_###_vowel__1_###_cases__2_###_sounding__3_###_ay__4_###_Five__5_###_,0.9494052573431733,0.8052631578947368,0.0,0.0,0.0,0.0,0.0,0.0006963646339910917,0.0,0.0,0.0,0.0,0.0,0.0,0.0,0.0,0.0,0.0,0.0,0.0,0.0,0.0,0.023820475327484235,0.0,0.0,0.0,0.0,0.0,0.9754831600385245,0.0,0,0,0,0,0,0,0,0,0,0,0,0,0,0,0,0,0,0,0,0,0,0,0,0,0,0,0,0
1856509926,https://joran.org/ct/entity.admin.unit.2848/8872.mp4,"be aware of. Most Southerners only do ay-ungliding before what's called voiced consonants, or at the end of a word. The difference between voiced and voiceless consonants is whether your vocal chords vibrate when you say them, and ay-ungliding before voiceless consonants is stereotyped in the South as a less-educated way of speaking.  But I don't want your life. ",map__c0_###_geography__c1_###_cartography__c2_###_country__c3_###_margin__c4_###_map__i0_###_representation__i1_###_geography__i2_###_atlas__i3_###_country__i4_###_,aware__0_###_Most__1_###_Southerners__2_###_called__3_###_voiced consonants__4_###_word__5_###_The difference__6_###_voiced__7_###_voiceless consonants__8_###_vocal chords__9_###_vibrate__10_###_voiceless consonants__11_###_stereotyped__12_###_South__13_###_speaking__14_###_But__15_###_life__16_###_,0.9494052573431733,0.8052631578947368,0.0,0.0,0.0,0.0,0.0,0.0006963646339910917,0.0,0.0,0.0,0.0,0.0,0.0,0.0,0.0,0.0,0.0,0.0,0.0,0.0,0.0,0.023820475327484235,0.0,0.0,0.0,0.0,0.0,0.9754831600385245,0.0,0,0,0,0,0,0,0,0,0,0,0,0,0,0,0,0,0,0,0,0,0,0,0,0,0,0,0,0
1856509927,https://joran.org/ct/entity.admin.unit.2848/8878.mp4,men.  As do the vowels pronounced in the back of the mouth like go and boot.  Thank you. ,woman__c0_###_indoors__c1_###_fashion__c2_###_contemporary__c3_###_people__c4_###_attractive__i0_###_caucasian__i1_###_pretty__i2_###_adult__i3_###_people__i4_###_,men__0_###_As__1_###_vowels__2_###_mouth__3_###_boot__4_###_Thank__5_###_,0.9299832451784004,0.8561203229281671,0.0,0.0,0.3181107958222405,0.0,0.0,0.0,1.0,0.0,0.0,0.0,0.0,0.0,0.0,0.0,0.0,0.0,0.024995683230027283,0.0,0.0,0.0,0.0,0.0,0.0,0.0,0.0,0.0,0.0,0.0,0,0,0,0,0,0,0,0,0,0,0,0,0,0,0,0,0,0,0,0,0,0,0,0,0,0,0,0
1856509928,https://joran.org/ct/entity.admin.unit.2848/8883.mp4,"But if you're an actor from the North or the West, the vowels are really the key",page__c0_###_business__c1_###_template__c2_###_illustration__c3_###_World Wide Web__c4_###_window__i0_###_design__i1_###_web__i2_###_graphic__i3_###_internet__i4_###_,But__0_###_actor__1_###_North__2_###_West__3_###_vowels__4_###_key__5_###_,0.7214403560962949,0.4263157894736842,0.0,0.0058458962869637225,0.0,0.0,0.0,0.0,0.0227374354287259,0.0,0.0,0.0,0.0,0.0,0.0,0.0,0.0,0.0,0.0,0.0,0.0,0.005867561681454525,0.02153706600828951,0.0,0.0,0.0,0.0,0.0,0.8542755073615312,0.08973653323303504,0,0,0,0,0,0,0,0,0,0,0,0,0,0,0,0,0,0,0,0,0,0,0,0,0,0,0,0
1856509929,https://joran.org/ct/entity.admin.unit.2833/9002.mp4,captures a strange marking across the arid plains of Bolivia what would create,no person__c0_###_nature__c1_###_desktop__c2_###_outdoors__c3_###_abstract__c4_###_color__i0_###_water__i1_###_design__i2_###_black__i3_###_close__i4_###_,captures__0_###_strange__1_###_marking__2_###_arid__3_###_Bolivia__4_###_create__5_###_,0.8379274480993449,0.4813011241868419,0.0029235569116775172,0.0029235569116775172,0.0,0.0,0.0,0.0,0.0,0.0,0.0,0.0029235569116775172,0.0,0.0,0.006556644800538573,0.0,0.0,0.0029235569116775172,0.0,0.0,0.0,0.0065809442901577295,0.024155558862206643,0.006556644800538573,0.0,0.028425427020763554,0.0,0.0,0.9202519584761204,0.014029466550213077,0,0,0,0,0,0,0,0,0,0,0,0,0,0,0,0,0,0,0,0,0,0,0,0,0,0,0,0
1856509930,https://joran.org/ct/entity.admin.unit.2833/9005.mp4,of the answer may lie in the mining history of mineral-rich Bolivia and neighboring Chile the Atacama Desert is,no person__c0_###_abstract__c1_###_desktop__c2_###_design__c3_###_pattern__c4_###_business__i0_###_black__i1_###_design__i2_###_close__i3_###_hand__i4_###_,answer__0_###_lie__1_###_mining__2_###_history__3_###_Bolivia__4_###_Chile__5_###_Atacama Desert__6_###_,0.9985288462365683,0.9,0.0,0.0,0.0,0.0,0.0,0.0,0.0,0.0,0.0,0.0,0.0,0.0,0.0,0.0,0.0,0.0,0.0006963646339910917,0.0,0.0,0.0,0.0,0.0,0.0,0.0,0.0,0.0,0.9993036353660087,0.0,0,0,0,0,0,0,0,0,0,0,0,0,0,0,0,0,0,0,0,0,0,0,0,0,0,0,0,0
1856509931,https://joran.org/ct/entity.admin.unit.2833/9007.mp4,growth very few animals there is however,portrait__c0_###_people__c1_###_adult__c2_###_man__c3_###_one__c4_###_man__i0_###_businessman__i1_###_male__i2_###_person__i3_###_caucasian__i4_###_,animals__0_###_,0.19466677606756574,0.168662850242202,0.06750033381342627,0.0,0.0,0.0,0.0,0.06227057835696708,0.0,0.0,0.0,0.15692508334014812,0.005853779346871097,0.0,0.22811829885647317,0.0,0.0,0.0,0.0,0.0,0.02862187569683578,0.06629274581249857,0.054296208733070846,0.0,0.0,0.41166167279307786,0.0,0.0,0.15886453837537476,0.18140627788153926,0,0,0,0,0,0,0,0,0,0,0,0,0,0,0,0,0,0,0,0,0,0,0,0,0,0,0,0
1856509932,https://joran.org/ct/entity.admin.unit.2833/9010.mp4,reserves there is a long history of,no person__c0_###_travel__c1_###_sky__c2_###_landscape__c3_###_desert__c4_###_dune__i0_###_sand__i1_###_landscape__i2_###_desert__i3_###_sky__i4_###_,reserves__0_###_long__1_###_history__2_###_,0.9488618620204079,0.8105263157894737,0.0,0.0,0.0,0.0,0.0,0.0,0.0,0.0,0.0,0.0,0.0,0.0,0.0,0.0,0.0,0.0,0.0,0.0,0.0,0.0,0.02480386114812142,0.0,0.0,0.0,0.0,0.0,0.9751961388518786,0.0,0,0,0,0,0,0,0,0,0,0,0,0,0,0,0,0,0,0,0,0,0,0,0,0,0,0,0,0
1856509933,https://joran.org/ct/entity.admin.unit.2833/9012.mp4,I understand that much of the gunpowder,people__c0_###_splash__c1_###_adult__c2_###_art__c3_###_one__c4_###_business__i0_###_design__i1_###_graphic__i2_###_black__i3_###_3d__i4_###_,I understand__0_###_gunpowder__1_###_,0.9985288462365683,0.9,0.0,0.0,0.0,0.0,0.0,0.0,0.0,0.0,0.0,0.0,0.0,0.0,0.0,0.0,0.0,0.0006963646339910917,0.0,0.0,0.0,0.0,0.0,0.0,0.0,0.0,0.0,0.0,0.9993036353660087,0.0,0,0,0,0,0,0,0,0,0,0,0,0,0,0,0,0,0,0,0,0,0,0,0,0,0,0,0,0
1856509934,https://joran.org/ct/entity.admin.unit.2833/9014.mp4,World War one that was manufactured with,people__c0_###_adult__c1_###_one__c2_###_group__c3_###_man__c4_###_person__i0_###_outdoors__i1_###_man__i2_###_people__i3_###_business__i4_###_,World War__0_###_manufactured__1_###_,0.749118823737161,0.6473684210526316,0.0007206696911776614,0.0,0.0,0.0,0.0,0.0,0.0,0.0,0.0,0.0,0.0,0.0,0.0,0.0,0.0,0.8626093087984783,0.0,0.0,0.0,0.0,0.0,0.0,0.0,0.0,0.0,0.0,0.0,0.13667002151034388,0,0,0,0,0,0,0,0,0,0,0,0,0,0,0,0,0,0,0,0,0,0,0,0,0,0,0,0
1856509935,https://joran.org/ct/entity.admin.unit.2833/9019.mp4,built to support the region's booming mining industry but in the 1930s disaster struck as the,people__c0_###_vehicle__c1_###_no person__c2_###_transportation system__c3_###_military__c4_###_vehicle__i0_###_tank__i1_###_amphibian__i2_###_wheeled vehicle__i3_###_armored vehicle__i4_###_,support__0_###_region__1_###_mining__2_###_industry__3_###_,0.5570044991311897,0.37964138383997603,0.0,0.00521076401135416,0.0,0.0,0.0,0.0,0.0,0.0,0.0,0.029259323035936542,0.0,0.0,0.04815351621098696,0.0,0.0,0.0,0.0,0.0,0.005191523777670502,0.0,0.12513601784060155,0.0,0.0,0.0,0.0,0.0,0.744694797450869,0.14385261387222562,0,0,0,0,0,0,0,0,0,0,0,0,0,0,0,0,0,0,0,0,0,0,0,0,0,0,0,0
1856509936,https://joran.org/ct/entity.admin.unit.2833/9021.mp4,trains were left to rot in the desert using image enhancement the identity of the dark mark visible from space is finally revealed what I am seeing is what I would call a,no person__c0_###_desert__c1_###_travel__c2_###_outdoors__c3_###_nature__c4_###_canyon__i0_###_ravine__i1_###_valley__i2_###_rock__i3_###_landscape__i4_###_,rot__0_###_desert__1_###_image enhancement__2_###_identity__3_###_dark mark__4_###_space__5_###_finally__6_###_call__7_###_,0.9494052573431733,0.8052631578947368,0.0006963646339910917,0.0,0.0,0.0,0.0,0.0,0.0,0.0,0.0,0.0,0.0,0.0,0.0,0.0,0.0,0.0,0.0,0.0,0.0,0.0,0.023820475327484235,0.0,0.0,0.0,0.0,0.0,0.9754831600385245,0.0,0,0,0,0,0,0,0,0,0,0,0,0,0,0,0,0,0,0,0,0,0,0,0,0,0,0,0,0
1856509937,https://joran.org/ct/entity.admin.unit.2833/9024.mp4,designated cemetery,blur__c0_###_abstract__c1_###_dof__c2_###_focus__c3_###_still life__c4_###_sky__i0_###_clouds__i1_###_sun__i2_###_weather__i3_###_landscape__i4_###_,cemetery__0_###_,0.998455598219166,0.9,0.0,0.0,0.0,0.0,0.0,0.0,0.0,0.0,0.0,0.0,0.0,0.0,0.0007307205068133937,0.0,0.0,0.0,0.0,0.0,0.0,0.0,0.0,0.0,0.0,0.0,0.0,0.0,0.9992692794931867,0.0,0,0,0,0,0,0,0,0,0,0,0,0,0,0,0,0,0,0,0,0,0,0,0,0,0,0,0,0
1856509938,https://joran.org/ct/entity.admin.unit.2833/9026.mp4,Bolivian Wild West,man__c0_###_people__c1_###_portrait__c2_###_adult__c3_###_indoors__c4_###_man__i0_###_male__i1_###_business__i2_###_businessman__i3_###_adult__i4_###_,Bolivian__0_###_Wild West__1_###_,0.2077884474392757,0.21049464365196946,0.06767159605837333,0.06767159605837333,0.0,0.0,0.0,0.0694900465159637,0.0,0.0,0.0,0.07059515297005085,0.0,0.0,0.0029235569116775172,0.0,0.0,0.0,0.0,0.0,0.0,0.0,0.3130480908797226,0.0029235569116775172,0.0,0.15500075467150828,0.0,0.0029235569116775172,0.29388707331124486,0.29706648596628815,0,0,0,0,0,0,0,0,0,0,0,0,0,0,0,0,0,0,0,0,0,0,0,0,0,0,0,0
1856509939,https://joran.org/ct/entity.admin.unit.2784/11797.mp4,in I'm gonna introduce you to Zachary Crockett he first introduced me to the,abstract__c0_###_art__c1_###_illustration__c2_###_sky__c3_###_background__c4_###_design__i0_###_icon__i1_###_graphic__i2_###_set__i3_###_art__i4_###_,Zachary__0_###_Crockett__1_###_,0.25830649693226904,0.23920784075149035,0.0,0.0,0.0030608021961313413,0.0,0.0,0.0030608021961313413,0.0,0.0,0.0,0.0,0.0,0.3108312018756242,0.0,0.0,0.0,0.0,0.0,0.0,0.0,0.0,0.0550493805755948,0.0030608021961313413,0.0,0.0,0.0,0.0030608021961313413,0.3638729847227542,0.27330723502215815,0,0,0,0,0,0,0,0,0,0,0,0,0,0,0,0,0,0,0,0,0,0,0,0,0,0,0,0
1856509940,https://joran.org/ct/entity.admin.unit.2784/11803.mp4,problem goes like this there's a brand new car behind one of three doors behind,abstract__c0_###_no person__c1_###_curtain__c2_###_wallpaper__c3_###_pattern__c4_###_blind__i0_###_curtain__i1_###_furnishing__i2_###_protective covering__i3_###_shower curtain__i4_###_,brand__0_###_car__1_###_doors__2_###_,0.4408292886476749,0.4631125159402554,0.0,0.0,0.0,0.0,0.0,0.0,0.05132954902257294,0.0,0.0,0.0,0.0,0.0,0.0,0.0,0.0,0.0,0.45162000381012984,0.0,0.0,0.0,0.578017669223757,0.0,0.0,0.0,0.0,0.0,0.0,0.05429902708280005,0,0,0,0,0,0,0,0,0,0,0,0,0,0,0,0,0,0,0,0,0,0,0,0,0,0,0,0
1856509941,https://joran.org/ct/entity.admin.unit.2784/11807.mp4,because he thought you were much brighter than he was that's Marilyn Vos,portrait__c0_###_adult__c1_###_people__c2_###_indoors__c3_###_woman__c4_###_portrait__i0_###_attractive__i1_###_model__i2_###_hair__i3_###_face__i4_###_,Marilyn__0_###_,0.48092486382310135,0.3842935429601085,0.0,0.0,0.10661859942278917,0.0,0.0,0.0,0.6919555422994494,0.0,0.0,0.0,0.0,0.0,0.1398639590721828,0.0,0.0,0.0,0.024099344101180677,0.0,0.0,0.0,0.603348517539168,0.0,0.024099344101180677,0.0,0.0,0.0,0.048848332595150486,0.1568166792559687,0,0,0,0,0,0,0,0,0,0,0,0,0,0,0,0,0,0,0,0,0,0,0,0,0,0,0,0
1856509942,https://joran.org/ct/entity.admin.unit.2784/11811.mp4,Records actually kept track of this she,no person__c0_###_education__c1_###_business__c2_###_shelf__c3_###_library__c4_###_rubber eraser__i0_###_eraser__i1_###_shelf__i2_###_collection__i3_###_business__i4_###_,Records__0_###_,0.3775122998306035,0.31951108832203445,0.0,0.0,0.0,0.0,0.0,0.0,0.0,0.0,0.0,0.0,0.0,0.0,0.0006963646339910917,0.0,0.0,0.0,0.0,0.0,0.054853907504393284,0.0,0.023820475327484235,0.0,0.0,0.0,0.0,0.11002072986944175,0.32333226778177426,0.5421301623873085,0,0,0,0,0,0,0,0,0,0,0,0,0,0,0,0,0,0,0,0,0,0,0,0,0,0,0,0
1856509943,https://joran.org/ct/entity.admin.unit.2784/11814.mp4,the column was of course like here's the person with the world's highest IQ here to answer your challenging math questions this brings us to September 9th 1990 when a reader submitted to,no person__c0_###_text__c1_###_paper__c2_###_business__c3_###_paper__c4_###_newspaper__i0_###_money__i1_###_business__i2_###_paper__i3_###_cash__i4_###_,column__0_###_person__1_###_IQ__2_###_answer__3_###_math__4_###_questions__5_###_September__6_###_1990__7_###_reader__8_###_,0.2868623070187645,0.23439754687333017,0.0,0.0006963646339910917,0.0,0.0,0.0,0.06278751668735283,0.19223656812021003,0.0,0.0,0.0,0.0,0.0,0.140622942285261,0.0,0.0,0.0,0.0,0.0,0.0,0.0,0.0,0.0,0.0,0.16079539847042149,0.0,0.04828307760104224,0.5072712505645884,0.05572297442985862,0,0,0,0,0,0,0,0,0,0,0,0,0,0,0,0,0,0,0,0,0,0,0,0,0,0,0,0
1856509944,https://joran.org/ct/entity.admin.unit.2784/11819.mp4,knew that she replied yes you should switch and here's why,retro__c0_###_art__c1_###_people__c2_###_vintage__c3_###_portrait__c4_###_art__i0_###_silhouette__i1_###_symbol__i2_###_graphic__i3_###_design__i4_###_,switch__0_###_,0.24286536927094102,0.17774527307069748,0.0,0.0,0.0,0.0,0.0,0.0029235569116775172,0.1283427556661697,0.0,0.0,0.0,0.0,0.0,0.04326604401391242,0.0,0.0,0.0,0.028425427020763554,0.0,0.0,0.0065809442901577295,0.02707911577388416,0.0,0.0,0.0,0.0,0.1739265913157108,0.46322790016777854,0.19975165538802958,0,0,0,0,0,0,0,0,0,0,0,0,0,0,0,0,0,0,0,0,0,0,0,0,0,0,0,0
1856509945,https://joran.org/ct/entity.admin.unit.2784/11823.mp4,of sexism at play here not only was her,no person__c0_###_paper__c1_###_business__c2_###_identity__c3_###_graphic design__c4_###_paper__i0_###_envelope__i1_###_card__i2_###_frame__i3_###_blank__i4_###_,sexism__0_###_play__1_###_,0.5745941426049235,0.3895832383166912,0.0,0.0,0.0,0.0,0.0,0.0,0.0,0.0,0.0,0.0,0.0,0.0,0.04995461236879335,0.0,0.0,0.0,0.0,0.0,0.0,0.0,0.019516192896257924,0.0,0.0,0.0,0.0,0.09537755484539186,0.7652902437854134,0.17355438001341564,0,0,0,0,0,0,0,0,0,0,0,0,0,0,0,0,0,0,0,0,0,0,0,0,0,0,0,0
1856509946,https://joran.org/ct/entity.admin.unit.2784/11826.mp4,"percentage of the 10,000 responses claimed she was wrong only 8% of readers actually agreed with her and after subsequent columns she was able to raise that to only 56% and among academics it was 35 percent among academics initially supporting it around 70 percent of academics ultimately decided to agree with her the only way she managed to get people on her side was by asking them to do the experiment themselves elementary middle",sky__c0_###_bird__c1_###_nature__c2_###_abstract__c3_###_flight__c4_###_azure__i0_###_sky__i1_###_clouds__i2_###_weather__i3_###_cloud__i4_###_,responses__0_###_wrong__1_###_readers__2_###_subsequent__3_###_columns__4_###_raise__5_###_academics__6_###_academics__7_###_initially__8_###_supporting__9_###_academics__10_###_decided__11_###_managed__12_###_side__13_###_elementary__14_###_middle__15_###_,0.43812681117268365,0.23806732708789635,0.0,0.0,0.0,0.0,0.0,0.0,0.0,0.0,0.0,0.0,0.0,0.0,0.05153629210789036,0.00010369829121803017,0.0,0.00357733008126644,0.0,0.0,0.0,0.0,0.03323831422603439,0.00357733008126644,0.029557285853549917,0.06573795522054741,0.0,0.18748990782836533,0.6627523076604439,0.0836791486578002,0,0,0,0,0,0,0,0,0,0,0,0,0,0,0,0,0,0,0,0,0,0,0,0,0,0,0,0
1856509948,https://joran.org/ct/entity.admin.unit.2784/11832.mp4,google search of this little sucker of a,no person__c0_###_data__c1_###_template__c2_###_World Wide Web__c3_###_layout__c4_###_web site__i0_###_computer__i1_###_business__i2_###_internet__i3_###_web__i4_###_,google search__0_###_sucker__1_###_,0.5061261418552723,0.4013051065986921,0.0,0.0,0.025197294271958912,0.0,0.0,0.0,0.18122974879181308,0.0,0.0,0.0,0.0,0.025197294271958912,0.0007366143774223186,0.0,0.0,0.0,0.0,0.0,0.0,0.0,0.028944315332430928,0.0037470210604720177,0.0,0.05429638719578432,0.0,0.025197294271958912,0.7090096067734533,0.1724485645530953,0,0,0,0,0,0,0,0,0,0,0,0,0,0,0,0,0,0,0,0,0,0,0,0,0,0,0,0
1856509949,https://joran.org/ct/entity.admin.unit.2784/11837.mp4,only statisticians but just everyday,horizontal__c0_###_indoors__c1_###_business__c2_###_people__c3_###_technology__c4_###_television__i0_###_blackboard__i1_###_signboard__i2_###_billboard__i3_###_display__i4_###_,statisticians__0_###_,0.30364516494005495,0.24834421376665908,0.0,0.0,0.11149502759180709,0.0,0.0,0.0007366143774223186,0.1514607792716731,0.0,0.0,0.05802445292769852,0.0,0.0,0.0,0.0,0.0,0.0,0.0,0.0,0.0,0.0,0.09495008798716906,0.0,0.0,0.5600277969687704,0.0,0.0,0.05107383030537447,0.23754574693699315,0,0,0,0,0,0,0,0,0,0,0,0,0,0,0,0,0,0,0,0,0,0,0,0,0,0,0,0
