_unit_id,_created_at,_id,_started_at,_tainted,_channel,_trust,_worker_id,_country,_region,_city,_ip,term1,b1,e1,b2,term2,e2,sent_id,sentence,input_relations,output_relations
897534786,3/24/2016 17:57:02,1933498788,3/24/2016 17:56:23,false,prodege,0.9724,3587109,NA,NA,NA,NA,Karim Benzema,6,8,3,Lyon,4,UAD-A-1535,"On Wednesday , Lyon led through Karim Benzema 's 26th goal of the season in the 55th minute , but Carlos Tevez leveled in the 87th .",employee_or_member_of top_member_employee_of_org schools_attended founded_org origin alternate_names place_of_birth place_of_death subsidiaries places_of_residence place_of_headquarters spouse children title,top_member_employee_of_org
897534786,3/24/2016 18:05:23,1933504209,3/24/2016 18:05:01,false,clixsense,0.9667,21665495,NA,NA,NA,NA,Karim Benzema,6,8,3,Lyon,4,UAD-A-1535,"On Wednesday , Lyon led through Karim Benzema 's 26th goal of the season in the 55th minute , but Carlos Tevez leveled in the 87th .",employee_or_member_of top_member_employee_of_org schools_attended founded_org origin alternate_names place_of_birth place_of_death subsidiaries places_of_residence place_of_headquarters spouse children title,place_of_death
897534786,3/24/2016 18:07:31,1933505542,3/24/2016 18:04:46,false,neodev,0.9443,33110177,NA,NA,NA,NA,Karim Benzema,6,8,3,Lyon,4,UAD-A-1535,"On Wednesday , Lyon led through Karim Benzema 's 26th goal of the season in the 55th minute , but Carlos Tevez leveled in the 87th .",employee_or_member_of top_member_employee_of_org schools_attended founded_org origin alternate_names place_of_birth place_of_death subsidiaries places_of_residence place_of_headquarters spouse children title,employee_or_member_of
897534786,3/24/2016 19:02:00,1933542791,3/24/2016 18:58:54,false,neodev,0.9417,16854635,NA,NA,NA,NA,Karim Benzema,6,8,3,Lyon,4,UAD-A-1535,"On Wednesday , Lyon led through Karim Benzema 's 26th goal of the season in the 55th minute , but Carlos Tevez leveled in the 87th .",employee_or_member_of top_member_employee_of_org schools_attended founded_org origin alternate_names place_of_birth place_of_death subsidiaries places_of_residence place_of_headquarters spouse children title,NONE
897534786,3/24/2016 19:31:55,1933572756,3/24/2016 19:30:21,false,clixsense,0.9543,6344072,NA,NA,NA,NA,Karim Benzema,6,8,3,Lyon,4,UAD-A-1535,"On Wednesday , Lyon led through Karim Benzema 's 26th goal of the season in the 55th minute , but Carlos Tevez leveled in the 87th .",employee_or_member_of top_member_employee_of_org schools_attended founded_org origin alternate_names place_of_birth place_of_death subsidiaries places_of_residence place_of_headquarters spouse children title,employee_or_member_of
897534786,3/24/2016 19:48:27,1933609493,3/24/2016 19:45:19,false,clixsense,0.9466,21490235,NA,NA,NA,NA,Karim Benzema,6,8,3,Lyon,4,UAD-A-1535,"On Wednesday , Lyon led through Karim Benzema 's 26th goal of the season in the 55th minute , but Carlos Tevez leveled in the 87th .",employee_or_member_of top_member_employee_of_org schools_attended founded_org origin alternate_names place_of_birth place_of_death subsidiaries places_of_residence place_of_headquarters spouse children title,employee_or_member_of
897534786,3/24/2016 20:13:04,1933677052,3/24/2016 20:12:22,false,neodev,0.8979,36837746,NA,NA,NA,NA,Karim Benzema,6,8,3,Lyon,4,UAD-A-1535,"On Wednesday , Lyon led through Karim Benzema 's 26th goal of the season in the 55th minute , but Carlos Tevez leveled in the 87th .",employee_or_member_of top_member_employee_of_org schools_attended founded_org origin alternate_names place_of_birth place_of_death subsidiaries places_of_residence place_of_headquarters spouse children title,employee_or_member_of
897534786,3/24/2016 20:19:39,1933695297,3/24/2016 20:12:12,false,clixsense,0.9605,33878524,NA,NA,NA,NA,Karim Benzema,6,8,3,Lyon,4,UAD-A-1535,"On Wednesday , Lyon led through Karim Benzema 's 26th goal of the season in the 55th minute , but Carlos Tevez leveled in the 87th .",employee_or_member_of top_member_employee_of_org schools_attended founded_org origin alternate_names place_of_birth place_of_death subsidiaries places_of_residence place_of_headquarters spouse children title,employee_or_member_of
897534786,3/24/2016 20:29:10,1933721010,3/24/2016 20:25:42,false,clixsense,0.9374,8108990,NA,NA,NA,NA,Karim Benzema,6,8,3,Lyon,4,UAD-A-1535,"On Wednesday , Lyon led through Karim Benzema 's 26th goal of the season in the 55th minute , but Carlos Tevez leveled in the 87th .",employee_or_member_of top_member_employee_of_org schools_attended founded_org origin alternate_names place_of_birth place_of_death subsidiaries places_of_residence place_of_headquarters spouse children title,employee_or_member_of
897534786,3/24/2016 20:56:16,1933807789,3/24/2016 20:55:01,false,instagc,0.943,33330229,NA,NA,NA,NA,Karim Benzema,6,8,3,Lyon,4,UAD-A-1535,"On Wednesday , Lyon led through Karim Benzema 's 26th goal of the season in the 55th minute , but Carlos Tevez leveled in the 87th .",employee_or_member_of top_member_employee_of_org schools_attended founded_org origin alternate_names place_of_birth place_of_death subsidiaries places_of_residence place_of_headquarters spouse children title,NONE
897534786,3/24/2016 21:03:18,1933830958,3/24/2016 20:58:38,false,instagc,0.8981,36851940,NA,NA,NA,NA,Karim Benzema,6,8,3,Lyon,4,UAD-A-1535,"On Wednesday , Lyon led through Karim Benzema 's 26th goal of the season in the 55th minute , but Carlos Tevez leveled in the 87th .",employee_or_member_of top_member_employee_of_org schools_attended founded_org origin alternate_names place_of_birth place_of_death subsidiaries places_of_residence place_of_headquarters spouse children title,NONE
897534786,3/24/2016 21:54:00,1933990405,3/24/2016 21:53:01,false,prodege,0.9477,24403612,NA,NA,NA,NA,Karim Benzema,6,8,3,Lyon,4,UAD-A-1535,"On Wednesday , Lyon led through Karim Benzema 's 26th goal of the season in the 55th minute , but Carlos Tevez leveled in the 87th .",employee_or_member_of top_member_employee_of_org schools_attended founded_org origin alternate_names place_of_birth place_of_death subsidiaries places_of_residence place_of_headquarters spouse children title,NONE
897534786,3/24/2016 22:18:51,1934053491,3/24/2016 22:18:33,false,neodev,0.8907,36155226,NA,NA,NA,NA,Karim Benzema,6,8,3,Lyon,4,UAD-A-1535,"On Wednesday , Lyon led through Karim Benzema 's 26th goal of the season in the 55th minute , but Carlos Tevez leveled in the 87th .",employee_or_member_of top_member_employee_of_org schools_attended founded_org origin alternate_names place_of_birth place_of_death subsidiaries places_of_residence place_of_headquarters spouse children title,subsidiaries
897534786,3/24/2016 22:35:57,1934093232,3/24/2016 22:35:10,false,clixsense,0.9575,26492726,NA,NA,NA,NA,Karim Benzema,6,8,3,Lyon,4,UAD-A-1535,"On Wednesday , Lyon led through Karim Benzema 's 26th goal of the season in the 55th minute , but Carlos Tevez leveled in the 87th .",employee_or_member_of top_member_employee_of_org schools_attended founded_org origin alternate_names place_of_birth place_of_death subsidiaries places_of_residence place_of_headquarters spouse children title,"employee_or_member_of
top_member_employee_of_org"
897534786,3/24/2016 22:54:57,1934134412,3/24/2016 22:50:55,false,elite,0.9394,31228275,NA,NA,NA,NA,Karim Benzema,6,8,3,Lyon,4,UAD-A-1535,"On Wednesday , Lyon led through Karim Benzema 's 26th goal of the season in the 55th minute , but Carlos Tevez leveled in the 87th .",employee_or_member_of top_member_employee_of_org schools_attended founded_org origin alternate_names place_of_birth place_of_death subsidiaries places_of_residence place_of_headquarters spouse children title,NONE
897534787,3/26/2016 02:24:41,1936641853,3/26/2016 02:23:45,false,neodev,0.9219,29363385,NA,NA,NA,NA,Jeff Zucker,23,25,30,NBC Universal,32,UAD-A-2322,"`` We have all this library content , and we 've been surprised at how much interest there is in it , `` Jeff Zucker , the chief executive of NBC Universal , said recently .",top_member_employee_of_org employee_or_member_of founded_org alternate_names places_of_residence subsidiaries schools_attended place_of_headquarters cause_of_death place_of_death title spouse charges,top_member_employee_of_org
897534787,3/26/2016 02:31:10,1936645903,3/26/2016 02:30:59,false,instagc,0.9306,33427067,NA,NA,NA,NA,Jeff Zucker,23,25,30,NBC Universal,32,UAD-A-2322,"`` We have all this library content , and we 've been surprised at how much interest there is in it , `` Jeff Zucker , the chief executive of NBC Universal , said recently .",top_member_employee_of_org employee_or_member_of founded_org alternate_names places_of_residence subsidiaries schools_attended place_of_headquarters cause_of_death place_of_death title spouse charges,top_member_employee_of_org
897534787,3/26/2016 02:41:12,1936651772,3/26/2016 02:40:40,false,neodev,0.9348,33435788,NA,NA,NA,NA,Jeff Zucker,23,25,30,NBC Universal,32,UAD-A-2322,"`` We have all this library content , and we 've been surprised at how much interest there is in it , `` Jeff Zucker , the chief executive of NBC Universal , said recently .",top_member_employee_of_org employee_or_member_of founded_org alternate_names places_of_residence subsidiaries schools_attended place_of_headquarters cause_of_death place_of_death title spouse charges,top_member_employee_of_org
897534787,3/26/2016 02:51:05,1936657457,3/26/2016 02:50:41,false,neodev,0.9321,31329809,NA,NA,NA,NA,Jeff Zucker,23,25,30,NBC Universal,32,UAD-A-2322,"`` We have all this library content , and we 've been surprised at how much interest there is in it , `` Jeff Zucker , the chief executive of NBC Universal , said recently .",top_member_employee_of_org employee_or_member_of founded_org alternate_names places_of_residence subsidiaries schools_attended place_of_headquarters cause_of_death place_of_death title spouse charges,top_member_employee_of_org
897534787,3/26/2016 03:05:20,1936665687,3/26/2016 03:05:05,false,neodev,0.928,30941227,NA,NA,NA,NA,Jeff Zucker,23,25,30,NBC Universal,32,UAD-A-2322,"`` We have all this library content , and we 've been surprised at how much interest there is in it , `` Jeff Zucker , the chief executive of NBC Universal , said recently .",top_member_employee_of_org employee_or_member_of founded_org alternate_names places_of_residence subsidiaries schools_attended place_of_headquarters cause_of_death place_of_death title spouse charges,top_member_employee_of_org
897534787,3/26/2016 05:05:14,1936729209,3/26/2016 05:04:47,false,instagc,0.8843,28301350,NA,NA,NA,NA,Jeff Zucker,23,25,30,NBC Universal,32,UAD-A-2322,"`` We have all this library content , and we 've been surprised at how much interest there is in it , `` Jeff Zucker , the chief executive of NBC Universal , said recently .",top_member_employee_of_org employee_or_member_of founded_org alternate_names places_of_residence subsidiaries schools_attended place_of_headquarters cause_of_death place_of_death title spouse charges,"employee_or_member_of
top_member_employee_of_org"
897534787,3/26/2016 05:16:28,1936735427,3/26/2016 05:15:12,false,instagc,0.8884,23503585,NA,NA,NA,NA,Jeff Zucker,23,25,30,NBC Universal,32,UAD-A-2322,"`` We have all this library content , and we 've been surprised at how much interest there is in it , `` Jeff Zucker , the chief executive of NBC Universal , said recently .",top_member_employee_of_org employee_or_member_of founded_org alternate_names places_of_residence subsidiaries schools_attended place_of_headquarters cause_of_death place_of_death title spouse charges,"employee_or_member_of
top_member_employee_of_org"
897534787,3/26/2016 06:05:57,1936761999,3/26/2016 06:04:57,false,neodev,0.9362,11598752,NA,NA,NA,NA,Jeff Zucker,23,25,30,NBC Universal,32,UAD-A-2322,"`` We have all this library content , and we 've been surprised at how much interest there is in it , `` Jeff Zucker , the chief executive of NBC Universal , said recently .",top_member_employee_of_org employee_or_member_of founded_org alternate_names places_of_residence subsidiaries schools_attended place_of_headquarters cause_of_death place_of_death title spouse charges,top_member_employee_of_org
897534787,3/26/2016 07:53:51,1936840702,3/26/2016 07:50:27,false,gifthulk,0.8945,18666417,NA,NA,NA,NA,Jeff Zucker,23,25,30,NBC Universal,32,UAD-A-2322,"`` We have all this library content , and we 've been surprised at how much interest there is in it , `` Jeff Zucker , the chief executive of NBC Universal , said recently .",top_member_employee_of_org employee_or_member_of founded_org alternate_names places_of_residence subsidiaries schools_attended place_of_headquarters cause_of_death place_of_death title spouse charges,"employee_or_member_of
top_member_employee_of_org"
897534787,3/26/2016 08:49:15,1936880075,3/26/2016 08:49:00,false,neodev,0.9323,32695853,NA,NA,NA,NA,Jeff Zucker,23,25,30,NBC Universal,32,UAD-A-2322,"`` We have all this library content , and we 've been surprised at how much interest there is in it , `` Jeff Zucker , the chief executive of NBC Universal , said recently .",top_member_employee_of_org employee_or_member_of founded_org alternate_names places_of_residence subsidiaries schools_attended place_of_headquarters cause_of_death place_of_death title spouse charges,top_member_employee_of_org
897534787,3/26/2016 08:57:45,1936886073,3/26/2016 08:57:04,false,instagc,0.8996,18960682,NA,NA,NA,NA,Jeff Zucker,23,25,30,NBC Universal,32,UAD-A-2322,"`` We have all this library content , and we 've been surprised at how much interest there is in it , `` Jeff Zucker , the chief executive of NBC Universal , said recently .",top_member_employee_of_org employee_or_member_of founded_org alternate_names places_of_residence subsidiaries schools_attended place_of_headquarters cause_of_death place_of_death title spouse charges,"employee_or_member_of
top_member_employee_of_org"
897534787,3/26/2016 09:41:27,1936907837,3/26/2016 09:40:57,false,prodege,0.9169,4316379,NA,NA,NA,NA,Jeff Zucker,23,25,30,NBC Universal,32,UAD-A-2322,"`` We have all this library content , and we 've been surprised at how much interest there is in it , `` Jeff Zucker , the chief executive of NBC Universal , said recently .",top_member_employee_of_org employee_or_member_of founded_org alternate_names places_of_residence subsidiaries schools_attended place_of_headquarters cause_of_death place_of_death title spouse charges,top_member_employee_of_org
897534787,3/26/2016 11:24:29,1936957482,3/26/2016 11:23:52,false,fusioncash,0.9339,21457135,NA,NA,NA,NA,Jeff Zucker,23,25,30,NBC Universal,32,UAD-A-2322,"`` We have all this library content , and we 've been surprised at how much interest there is in it , `` Jeff Zucker , the chief executive of NBC Universal , said recently .",top_member_employee_of_org employee_or_member_of founded_org alternate_names places_of_residence subsidiaries schools_attended place_of_headquarters cause_of_death place_of_death title spouse charges,top_member_employee_of_org
897534787,3/26/2016 12:35:55,1937000031,3/26/2016 12:34:47,false,prodege,0.9592,16844474,NA,NA,NA,NA,Jeff Zucker,23,25,30,NBC Universal,32,UAD-A-2322,"`` We have all this library content , and we 've been surprised at how much interest there is in it , `` Jeff Zucker , the chief executive of NBC Universal , said recently .",top_member_employee_of_org employee_or_member_of founded_org alternate_names places_of_residence subsidiaries schools_attended place_of_headquarters cause_of_death place_of_death title spouse charges,top_member_employee_of_org
897534787,3/26/2016 13:14:56,1937023146,3/26/2016 13:14:24,false,clixsense,0.9619,28351359,NA,NA,NA,NA,Jeff Zucker,23,25,30,NBC Universal,32,UAD-A-2322,"`` We have all this library content , and we 've been surprised at how much interest there is in it , `` Jeff Zucker , the chief executive of NBC Universal , said recently .",top_member_employee_of_org employee_or_member_of founded_org alternate_names places_of_residence subsidiaries schools_attended place_of_headquarters cause_of_death place_of_death title spouse charges,top_member_employee_of_org
897534788,3/24/2016 17:45:49,1933493226,3/24/2016 17:36:54,false,gifthunterclub,0.9385,24043308,NA,NA,NA,NA,Addie Wagenknecht,0,2,14,New York City,17,UAD-A-0024,"Addie Wagenknecht ( born Portland , Oregon ) is an American artist living in New York City .",places_of_residence origin subsidiaries cause_of_death place_of_death children founded_org title schools_attended alternate_names charges employee_or_member_of,places_of_residence
897534788,3/24/2016 17:55:29,1933497957,3/24/2016 17:55:15,false,prodege,0.9724,3587109,NA,NA,NA,NA,Addie Wagenknecht,0,2,14,New York City,17,UAD-A-0024,"Addie Wagenknecht ( born Portland , Oregon ) is an American artist living in New York City .",places_of_residence origin subsidiaries cause_of_death place_of_death children founded_org title schools_attended alternate_names charges employee_or_member_of,places_of_residence
897534788,3/24/2016 18:01:54,1933502097,3/24/2016 18:01:12,false,neodev,0.9443,33110177,NA,NA,NA,NA,Addie Wagenknecht,0,2,14,New York City,17,UAD-A-0024,"Addie Wagenknecht ( born Portland , Oregon ) is an American artist living in New York City .",places_of_residence origin subsidiaries cause_of_death place_of_death children founded_org title schools_attended alternate_names charges employee_or_member_of,places_of_residence
897534788,3/24/2016 18:03:31,1933503190,3/24/2016 18:02:22,false,clixsense,0.9667,21665495,NA,NA,NA,NA,Addie Wagenknecht,0,2,14,New York City,17,UAD-A-0024,"Addie Wagenknecht ( born Portland , Oregon ) is an American artist living in New York City .",places_of_residence origin subsidiaries cause_of_death place_of_death children founded_org title schools_attended alternate_names charges employee_or_member_of,places_of_residence
897534788,3/24/2016 18:28:46,1933518851,3/24/2016 18:28:00,false,prodege,0.961,8715359,NA,NA,NA,NA,Addie Wagenknecht,0,2,14,New York City,17,UAD-A-0024,"Addie Wagenknecht ( born Portland , Oregon ) is an American artist living in New York City .",places_of_residence origin subsidiaries cause_of_death place_of_death children founded_org title schools_attended alternate_names charges employee_or_member_of,places_of_residence
897534788,3/24/2016 18:52:43,1933535457,3/24/2016 18:49:39,false,prodege,0.9452,24636399,NA,NA,NA,NA,Addie Wagenknecht,0,2,14,New York City,17,UAD-A-0024,"Addie Wagenknecht ( born Portland , Oregon ) is an American artist living in New York City .",places_of_residence origin subsidiaries cause_of_death place_of_death children founded_org title schools_attended alternate_names charges employee_or_member_of,places_of_residence
897534788,3/24/2016 18:55:24,1933537666,3/24/2016 18:53:16,false,neodev,0.9417,16854635,NA,NA,NA,NA,Addie Wagenknecht,0,2,14,New York City,17,UAD-A-0024,"Addie Wagenknecht ( born Portland , Oregon ) is an American artist living in New York City .",places_of_residence origin subsidiaries cause_of_death place_of_death children founded_org title schools_attended alternate_names charges employee_or_member_of,places_of_residence
897534788,3/24/2016 19:28:17,1933566927,3/24/2016 19:26:50,false,clixsense,0.9543,6344072,NA,NA,NA,NA,Addie Wagenknecht,0,2,14,New York City,17,UAD-A-0024,"Addie Wagenknecht ( born Portland , Oregon ) is an American artist living in New York City .",places_of_residence origin subsidiaries cause_of_death place_of_death children founded_org title schools_attended alternate_names charges employee_or_member_of,places_of_residence
897534788,3/24/2016 19:43:10,1933596190,3/24/2016 19:39:35,false,clixsense,0.9466,21490235,NA,NA,NA,NA,Addie Wagenknecht,0,2,14,New York City,17,UAD-A-0024,"Addie Wagenknecht ( born Portland , Oregon ) is an American artist living in New York City .",places_of_residence origin subsidiaries cause_of_death place_of_death children founded_org title schools_attended alternate_names charges employee_or_member_of,places_of_residence
897534788,3/24/2016 20:06:19,1933658933,3/24/2016 20:02:27,false,clixsense,0.9605,33878524,NA,NA,NA,NA,Addie Wagenknecht,0,2,14,New York City,17,UAD-A-0024,"Addie Wagenknecht ( born Portland , Oregon ) is an American artist living in New York City .",places_of_residence origin subsidiaries cause_of_death place_of_death children founded_org title schools_attended alternate_names charges employee_or_member_of,places_of_residence
897534788,3/24/2016 20:10:13,1933669499,3/24/2016 20:08:47,false,neodev,0.8979,36837746,NA,NA,NA,NA,Addie Wagenknecht,0,2,14,New York City,17,UAD-A-0024,"Addie Wagenknecht ( born Portland , Oregon ) is an American artist living in New York City .",places_of_residence origin subsidiaries cause_of_death place_of_death children founded_org title schools_attended alternate_names charges employee_or_member_of,places_of_residence
897534788,3/24/2016 20:23:42,1933706114,3/24/2016 20:22:06,false,clixsense,0.9374,8108990,NA,NA,NA,NA,Addie Wagenknecht,0,2,14,New York City,17,UAD-A-0024,"Addie Wagenknecht ( born Portland , Oregon ) is an American artist living in New York City .",places_of_residence origin subsidiaries cause_of_death place_of_death children founded_org title schools_attended alternate_names charges employee_or_member_of,places_of_residence
897534788,3/24/2016 20:45:08,1933770862,3/24/2016 20:28:23,false,instagc,0.8981,36851940,NA,NA,NA,NA,Addie Wagenknecht,0,2,14,New York City,17,UAD-A-0024,"Addie Wagenknecht ( born Portland , Oregon ) is an American artist living in New York City .",places_of_residence origin subsidiaries cause_of_death place_of_death children founded_org title schools_attended alternate_names charges employee_or_member_of,"places_of_residence
origin"
897534788,3/24/2016 20:53:37,1933799163,3/24/2016 20:52:02,false,instagc,0.943,33330229,NA,NA,NA,NA,Addie Wagenknecht,0,2,14,New York City,17,UAD-A-0024,"Addie Wagenknecht ( born Portland , Oregon ) is an American artist living in New York City .",places_of_residence origin subsidiaries cause_of_death place_of_death children founded_org title schools_attended alternate_names charges employee_or_member_of,places_of_residence
897534788,3/24/2016 22:42:05,1934107041,3/24/2016 22:41:35,false,clixsense,0.9575,26492726,NA,NA,NA,NA,Addie Wagenknecht,0,2,14,New York City,17,UAD-A-0024,"Addie Wagenknecht ( born Portland , Oregon ) is an American artist living in New York City .",places_of_residence origin subsidiaries cause_of_death place_of_death children founded_org title schools_attended alternate_names charges employee_or_member_of,places_of_residence
897534789,3/24/2016 15:39:28,1933411801,3/24/2016 15:38:54,false,prodege,0.981,27934334,NA,NA,NA,NA,Katsuaki Watanabe,2,4,0,Toyota,1,UAD-A-2211,"Toyota President Katsuaki Watanabe said Thursday that Toyota will speed up delivery of its plug-in hybrid from 2010 to the end of 2009 , while the Volt is due in showrooms in late 2010 .",top_member_employee_of_org employee_or_member_of charges cause_of_death place_of_headquarters founded_org place_of_death spouse schools_attended,"employee_or_member_of
top_member_employee_of_org"
897534789,3/24/2016 15:42:51,1933414275,3/24/2016 15:40:57,false,neodev,0.9488,34333895,NA,NA,NA,NA,Katsuaki Watanabe,2,4,0,Toyota,1,UAD-A-2211,"Toyota President Katsuaki Watanabe said Thursday that Toyota will speed up delivery of its plug-in hybrid from 2010 to the end of 2009 , while the Volt is due in showrooms in late 2010 .",top_member_employee_of_org employee_or_member_of charges cause_of_death place_of_headquarters founded_org place_of_death spouse schools_attended,top_member_employee_of_org
897534789,3/24/2016 15:43:56,1933414843,3/24/2016 15:43:31,false,bitcoinget,0.9655,21865639,NA,NA,NA,NA,Katsuaki Watanabe,2,4,0,Toyota,1,UAD-A-2211,"Toyota President Katsuaki Watanabe said Thursday that Toyota will speed up delivery of its plug-in hybrid from 2010 to the end of 2009 , while the Volt is due in showrooms in late 2010 .",top_member_employee_of_org employee_or_member_of charges cause_of_death place_of_headquarters founded_org place_of_death spouse schools_attended,top_member_employee_of_org
897534789,3/24/2016 15:45:58,1933416235,3/24/2016 15:45:30,false,instagc,0.9566,29411108,NA,NA,NA,NA,Katsuaki Watanabe,2,4,0,Toyota,1,UAD-A-2211,"Toyota President Katsuaki Watanabe said Thursday that Toyota will speed up delivery of its plug-in hybrid from 2010 to the end of 2009 , while the Volt is due in showrooms in late 2010 .",top_member_employee_of_org employee_or_member_of charges cause_of_death place_of_headquarters founded_org place_of_death spouse schools_attended,top_member_employee_of_org
897534789,3/24/2016 15:54:38,1933422475,3/24/2016 15:53:53,false,neodev,0.9635,36340274,NA,NA,NA,NA,Katsuaki Watanabe,2,4,0,Toyota,1,UAD-A-2211,"Toyota President Katsuaki Watanabe said Thursday that Toyota will speed up delivery of its plug-in hybrid from 2010 to the end of 2009 , while the Volt is due in showrooms in late 2010 .",top_member_employee_of_org employee_or_member_of charges cause_of_death place_of_headquarters founded_org place_of_death spouse schools_attended,top_member_employee_of_org
897534789,3/24/2016 16:09:55,1933432843,3/24/2016 16:08:35,false,prodege,0.961,8715359,NA,NA,NA,NA,Katsuaki Watanabe,2,4,0,Toyota,1,UAD-A-2211,"Toyota President Katsuaki Watanabe said Thursday that Toyota will speed up delivery of its plug-in hybrid from 2010 to the end of 2009 , while the Volt is due in showrooms in late 2010 .",top_member_employee_of_org employee_or_member_of charges cause_of_death place_of_headquarters founded_org place_of_death spouse schools_attended,top_member_employee_of_org
897534789,3/24/2016 16:18:39,1933438724,3/24/2016 16:17:58,false,zoombucks,0.9544,7385617,NA,NA,NA,NA,Katsuaki Watanabe,2,4,0,Toyota,1,UAD-A-2211,"Toyota President Katsuaki Watanabe said Thursday that Toyota will speed up delivery of its plug-in hybrid from 2010 to the end of 2009 , while the Volt is due in showrooms in late 2010 .",top_member_employee_of_org employee_or_member_of charges cause_of_death place_of_headquarters founded_org place_of_death spouse schools_attended,top_member_employee_of_org
897534789,3/24/2016 16:21:51,1933441208,3/24/2016 16:21:03,false,prodege,0.9484,28103910,NA,NA,NA,NA,Katsuaki Watanabe,2,4,0,Toyota,1,UAD-A-2211,"Toyota President Katsuaki Watanabe said Thursday that Toyota will speed up delivery of its plug-in hybrid from 2010 to the end of 2009 , while the Volt is due in showrooms in late 2010 .",top_member_employee_of_org employee_or_member_of charges cause_of_death place_of_headquarters founded_org place_of_death spouse schools_attended,"employee_or_member_of
top_member_employee_of_org"
897534789,3/24/2016 16:22:56,1933441784,3/24/2016 16:21:30,false,prodege,0.9685,10959404,NA,NA,NA,NA,Katsuaki Watanabe,2,4,0,Toyota,1,UAD-A-2211,"Toyota President Katsuaki Watanabe said Thursday that Toyota will speed up delivery of its plug-in hybrid from 2010 to the end of 2009 , while the Volt is due in showrooms in late 2010 .",top_member_employee_of_org employee_or_member_of charges cause_of_death place_of_headquarters founded_org place_of_death spouse schools_attended,top_member_employee_of_org
897534789,3/24/2016 16:29:06,1933445462,3/24/2016 16:27:33,false,zoombucks,0.9508,6744840,NA,NA,NA,NA,Katsuaki Watanabe,2,4,0,Toyota,1,UAD-A-2211,"Toyota President Katsuaki Watanabe said Thursday that Toyota will speed up delivery of its plug-in hybrid from 2010 to the end of 2009 , while the Volt is due in showrooms in late 2010 .",top_member_employee_of_org employee_or_member_of charges cause_of_death place_of_headquarters founded_org place_of_death spouse schools_attended,top_member_employee_of_org
897534789,3/24/2016 16:39:41,1933451992,3/24/2016 16:38:24,false,elite,0.9555,36350388,NA,NA,NA,NA,Katsuaki Watanabe,2,4,0,Toyota,1,UAD-A-2211,"Toyota President Katsuaki Watanabe said Thursday that Toyota will speed up delivery of its plug-in hybrid from 2010 to the end of 2009 , while the Volt is due in showrooms in late 2010 .",top_member_employee_of_org employee_or_member_of charges cause_of_death place_of_headquarters founded_org place_of_death spouse schools_attended,top_member_employee_of_org
897534789,3/24/2016 16:40:59,1933452967,3/24/2016 16:40:33,false,instagc,0.9428,18672993,NA,NA,NA,NA,Katsuaki Watanabe,2,4,0,Toyota,1,UAD-A-2211,"Toyota President Katsuaki Watanabe said Thursday that Toyota will speed up delivery of its plug-in hybrid from 2010 to the end of 2009 , while the Volt is due in showrooms in late 2010 .",top_member_employee_of_org employee_or_member_of charges cause_of_death place_of_headquarters founded_org place_of_death spouse schools_attended,top_member_employee_of_org
897534789,3/24/2016 16:46:49,1933456568,3/24/2016 16:46:33,false,instagc,0.9181,13581319,NA,NA,NA,NA,Katsuaki Watanabe,2,4,0,Toyota,1,UAD-A-2211,"Toyota President Katsuaki Watanabe said Thursday that Toyota will speed up delivery of its plug-in hybrid from 2010 to the end of 2009 , while the Volt is due in showrooms in late 2010 .",top_member_employee_of_org employee_or_member_of charges cause_of_death place_of_headquarters founded_org place_of_death spouse schools_attended,employee_or_member_of
897534789,3/24/2016 17:26:22,1933483215,3/24/2016 17:25:49,false,neodev,0.9355,20929875,NA,NA,NA,NA,Katsuaki Watanabe,2,4,0,Toyota,1,UAD-A-2211,"Toyota President Katsuaki Watanabe said Thursday that Toyota will speed up delivery of its plug-in hybrid from 2010 to the end of 2009 , while the Volt is due in showrooms in late 2010 .",top_member_employee_of_org employee_or_member_of charges cause_of_death place_of_headquarters founded_org place_of_death spouse schools_attended,"employee_or_member_of
top_member_employee_of_org
charges"
897534789,3/24/2016 17:28:32,1933484513,3/24/2016 17:28:01,false,gifthunterclub,0.9385,24043308,NA,NA,NA,NA,Katsuaki Watanabe,2,4,0,Toyota,1,UAD-A-2211,"Toyota President Katsuaki Watanabe said Thursday that Toyota will speed up delivery of its plug-in hybrid from 2010 to the end of 2009 , while the Volt is due in showrooms in late 2010 .",top_member_employee_of_org employee_or_member_of charges cause_of_death place_of_headquarters founded_org place_of_death spouse schools_attended,cause_of_death
897534790,3/25/2016 21:25:56,1936381726,3/25/2016 21:25:37,false,elite,0.9675,31883685,NA,NA,NA,NA,Andrea Bargnani,0,2,23,"Rome , Italy",26,UAD-A-0115,"Andrea Bargnani , nicknamed `` Il Mago '' ( translated to `` The Magician '' ) , ( born October 26 1985 in Rome , Italy ) is an Italian professional basketball player with the Toronto Raptors of the National Basketball Association .",places_of_residence place_of_birth origin top_member_employee_of_org schools_attended,place_of_birth
897534790,3/25/2016 21:46:12,1936406963,3/25/2016 21:40:21,false,clixsense,0.9547,17950689,NA,NA,NA,NA,Andrea Bargnani,0,2,23,"Rome , Italy",26,UAD-A-0115,"Andrea Bargnani , nicknamed `` Il Mago '' ( translated to `` The Magician '' ) , ( born October 26 1985 in Rome , Italy ) is an Italian professional basketball player with the Toronto Raptors of the National Basketball Association .",places_of_residence place_of_birth origin top_member_employee_of_org schools_attended,places_of_residence
897534790,3/25/2016 22:14:30,1936443949,3/25/2016 22:14:02,false,superrewards,0.9503,31089452,NA,NA,NA,NA,Andrea Bargnani,0,2,23,"Rome , Italy",26,UAD-A-0115,"Andrea Bargnani , nicknamed `` Il Mago '' ( translated to `` The Magician '' ) , ( born October 26 1985 in Rome , Italy ) is an Italian professional basketball player with the Toronto Raptors of the National Basketball Association .",places_of_residence place_of_birth origin top_member_employee_of_org schools_attended,place_of_birth
897534790,3/25/2016 23:06:35,1936506463,3/25/2016 23:05:54,false,elite,0.9436,30312592,NA,NA,NA,NA,Andrea Bargnani,0,2,23,"Rome , Italy",26,UAD-A-0115,"Andrea Bargnani , nicknamed `` Il Mago '' ( translated to `` The Magician '' ) , ( born October 26 1985 in Rome , Italy ) is an Italian professional basketball player with the Toronto Raptors of the National Basketball Association .",places_of_residence place_of_birth origin top_member_employee_of_org schools_attended,place_of_birth
897534790,3/25/2016 23:09:43,1936509649,3/25/2016 23:08:48,false,instagc,0.9379,18531561,NA,NA,NA,NA,Andrea Bargnani,0,2,23,"Rome , Italy",26,UAD-A-0115,"Andrea Bargnani , nicknamed `` Il Mago '' ( translated to `` The Magician '' ) , ( born October 26 1985 in Rome , Italy ) is an Italian professional basketball player with the Toronto Raptors of the National Basketball Association .",places_of_residence place_of_birth origin top_member_employee_of_org schools_attended,"places_of_residence
place_of_birth
origin"
897534790,3/25/2016 23:45:33,1936544672,3/25/2016 23:45:06,false,clixsense,0.9348,35774053,NA,NA,NA,NA,Andrea Bargnani,0,2,23,"Rome , Italy",26,UAD-A-0115,"Andrea Bargnani , nicknamed `` Il Mago '' ( translated to `` The Magician '' ) , ( born October 26 1985 in Rome , Italy ) is an Italian professional basketball player with the Toronto Raptors of the National Basketball Association .",places_of_residence place_of_birth origin top_member_employee_of_org schools_attended,origin
897534790,3/26/2016 00:00:43,1936555239,3/26/2016 00:00:17,false,clixsense,0.9027,30777913,NA,NA,NA,NA,Andrea Bargnani,0,2,23,"Rome , Italy",26,UAD-A-0115,"Andrea Bargnani , nicknamed `` Il Mago '' ( translated to `` The Magician '' ) , ( born October 26 1985 in Rome , Italy ) is an Italian professional basketball player with the Toronto Raptors of the National Basketball Association .",places_of_residence place_of_birth origin top_member_employee_of_org schools_attended,"places_of_residence
place_of_birth"
897534790,3/26/2016 00:58:43,1936582923,3/26/2016 00:57:43,false,clixsense,0.9341,7051387,NA,NA,NA,NA,Andrea Bargnani,0,2,23,"Rome , Italy",26,UAD-A-0115,"Andrea Bargnani , nicknamed `` Il Mago '' ( translated to `` The Magician '' ) , ( born October 26 1985 in Rome , Italy ) is an Italian professional basketball player with the Toronto Raptors of the National Basketball Association .",places_of_residence place_of_birth origin top_member_employee_of_org schools_attended,origin
897534790,3/26/2016 02:18:55,1936638105,3/26/2016 02:18:15,false,neodev,0.9219,29363385,NA,NA,NA,NA,Andrea Bargnani,0,2,23,"Rome , Italy",26,UAD-A-0115,"Andrea Bargnani , nicknamed `` Il Mago '' ( translated to `` The Magician '' ) , ( born October 26 1985 in Rome , Italy ) is an Italian professional basketball player with the Toronto Raptors of the National Basketball Association .",places_of_residence place_of_birth origin top_member_employee_of_org schools_attended,place_of_birth
897534790,3/26/2016 02:28:41,1936644431,3/26/2016 02:28:13,false,instagc,0.9306,33427067,NA,NA,NA,NA,Andrea Bargnani,0,2,23,"Rome , Italy",26,UAD-A-0115,"Andrea Bargnani , nicknamed `` Il Mago '' ( translated to `` The Magician '' ) , ( born October 26 1985 in Rome , Italy ) is an Italian professional basketball player with the Toronto Raptors of the National Basketball Association .",places_of_residence place_of_birth origin top_member_employee_of_org schools_attended,origin
897534790,3/26/2016 02:35:13,1936648351,3/26/2016 02:34:51,false,neodev,0.9348,33435788,NA,NA,NA,NA,Andrea Bargnani,0,2,23,"Rome , Italy",26,UAD-A-0115,"Andrea Bargnani , nicknamed `` Il Mago '' ( translated to `` The Magician '' ) , ( born October 26 1985 in Rome , Italy ) is an Italian professional basketball player with the Toronto Raptors of the National Basketball Association .",places_of_residence place_of_birth origin top_member_employee_of_org schools_attended,place_of_birth
897534790,3/26/2016 02:46:45,1936655052,3/26/2016 02:45:51,false,neodev,0.9321,31329809,NA,NA,NA,NA,Andrea Bargnani,0,2,23,"Rome , Italy",26,UAD-A-0115,"Andrea Bargnani , nicknamed `` Il Mago '' ( translated to `` The Magician '' ) , ( born October 26 1985 in Rome , Italy ) is an Italian professional basketball player with the Toronto Raptors of the National Basketball Association .",places_of_residence place_of_birth origin top_member_employee_of_org schools_attended,place_of_birth
897534790,3/26/2016 03:02:54,1936664291,3/26/2016 02:54:24,false,neodev,0.928,30941227,NA,NA,NA,NA,Andrea Bargnani,0,2,23,"Rome , Italy",26,UAD-A-0115,"Andrea Bargnani , nicknamed `` Il Mago '' ( translated to `` The Magician '' ) , ( born October 26 1985 in Rome , Italy ) is an Italian professional basketball player with the Toronto Raptors of the National Basketball Association .",places_of_residence place_of_birth origin top_member_employee_of_org schools_attended,place_of_birth
897534790,3/26/2016 05:02:03,1936727230,3/26/2016 05:01:29,false,instagc,0.8843,28301350,NA,NA,NA,NA,Andrea Bargnani,0,2,23,"Rome , Italy",26,UAD-A-0115,"Andrea Bargnani , nicknamed `` Il Mago '' ( translated to `` The Magician '' ) , ( born October 26 1985 in Rome , Italy ) is an Italian professional basketball player with the Toronto Raptors of the National Basketball Association .",places_of_residence place_of_birth origin top_member_employee_of_org schools_attended,"place_of_birth
origin"
897534790,3/26/2016 05:06:18,1936729826,3/26/2016 04:55:44,false,instagc,0.8884,23503585,NA,NA,NA,NA,Andrea Bargnani,0,2,23,"Rome , Italy",26,UAD-A-0115,"Andrea Bargnani , nicknamed `` Il Mago '' ( translated to `` The Magician '' ) , ( born October 26 1985 in Rome , Italy ) is an Italian professional basketball player with the Toronto Raptors of the National Basketball Association .",places_of_residence place_of_birth origin top_member_employee_of_org schools_attended,"places_of_residence
place_of_birth
origin"
897534791,3/24/2016 17:56:22,1933498477,3/24/2016 17:55:59,false,prodege,0.9724,3587109,NA,NA,NA,NA,DJ Quik,21,23,10,"Compton , California",13,UAD-A-0543,"David Martin Blake ( born January 18 , 1970 in Compton , California ) , better known by his stage name DJ Quik , is a rapper and record producer from Compton , California .",places_of_residence place_of_birth origin top_member_employee_of_org subsidiaries cause_of_death place_of_death alternate_names children founded_org charges employee_or_member_of spouse title,places_of_residence
897534791,3/24/2016 18:04:45,1933503896,3/24/2016 18:03:36,false,neodev,0.9443,33110177,NA,NA,NA,NA,DJ Quik,21,23,10,"Compton , California",13,UAD-A-0543,"David Martin Blake ( born January 18 , 1970 in Compton , California ) , better known by his stage name DJ Quik , is a rapper and record producer from Compton , California .",places_of_residence place_of_birth origin top_member_employee_of_org subsidiaries cause_of_death place_of_death alternate_names children founded_org charges employee_or_member_of spouse title,"places_of_residence
place_of_birth"
897534791,3/24/2016 18:05:00,1933504052,3/24/2016 18:04:24,false,clixsense,0.9667,21665495,NA,NA,NA,NA,DJ Quik,21,23,10,"Compton , California",13,UAD-A-0543,"David Martin Blake ( born January 18 , 1970 in Compton , California ) , better known by his stage name DJ Quik , is a rapper and record producer from Compton , California .",places_of_residence place_of_birth origin top_member_employee_of_org subsidiaries cause_of_death place_of_death alternate_names children founded_org charges employee_or_member_of spouse title,place_of_birth
897534791,3/24/2016 18:55:32,1933537785,3/24/2016 18:54:01,false,prodege,0.9452,24636399,NA,NA,NA,NA,DJ Quik,21,23,10,"Compton , California",13,UAD-A-0543,"David Martin Blake ( born January 18 , 1970 in Compton , California ) , better known by his stage name DJ Quik , is a rapper and record producer from Compton , California .",places_of_residence place_of_birth origin top_member_employee_of_org subsidiaries cause_of_death place_of_death alternate_names children founded_org charges employee_or_member_of spouse title,"places_of_residence
place_of_birth
origin"
897534791,3/24/2016 18:58:53,1933540486,3/24/2016 18:57:51,false,neodev,0.9417,16854635,NA,NA,NA,NA,DJ Quik,21,23,10,"Compton , California",13,UAD-A-0543,"David Martin Blake ( born January 18 , 1970 in Compton , California ) , better known by his stage name DJ Quik , is a rapper and record producer from Compton , California .",places_of_residence place_of_birth origin top_member_employee_of_org subsidiaries cause_of_death place_of_death alternate_names children founded_org charges employee_or_member_of spouse title,place_of_birth
897534791,3/24/2016 19:30:20,1933570103,3/24/2016 19:29:02,false,clixsense,0.9543,6344072,NA,NA,NA,NA,DJ Quik,21,23,10,"Compton , California",13,UAD-A-0543,"David Martin Blake ( born January 18 , 1970 in Compton , California ) , better known by his stage name DJ Quik , is a rapper and record producer from Compton , California .",places_of_residence place_of_birth origin top_member_employee_of_org subsidiaries cause_of_death place_of_death alternate_names children founded_org charges employee_or_member_of spouse title,places_of_residence
897534791,3/24/2016 19:45:19,1933601203,3/24/2016 19:44:01,false,clixsense,0.9466,21490235,NA,NA,NA,NA,DJ Quik,21,23,10,"Compton , California",13,UAD-A-0543,"David Martin Blake ( born January 18 , 1970 in Compton , California ) , better known by his stage name DJ Quik , is a rapper and record producer from Compton , California .",places_of_residence place_of_birth origin top_member_employee_of_org subsidiaries cause_of_death place_of_death alternate_names children founded_org charges employee_or_member_of spouse title,place_of_birth
897534791,3/24/2016 20:12:11,1933674914,3/24/2016 20:08:48,false,clixsense,0.9605,33878524,NA,NA,NA,NA,DJ Quik,21,23,10,"Compton , California",13,UAD-A-0543,"David Martin Blake ( born January 18 , 1970 in Compton , California ) , better known by his stage name DJ Quik , is a rapper and record producer from Compton , California .",places_of_residence place_of_birth origin top_member_employee_of_org subsidiaries cause_of_death place_of_death alternate_names children founded_org charges employee_or_member_of spouse title,place_of_birth
897534791,3/24/2016 20:12:21,1933675296,3/24/2016 20:11:08,false,neodev,0.8979,36837746,NA,NA,NA,NA,DJ Quik,21,23,10,"Compton , California",13,UAD-A-0543,"David Martin Blake ( born January 18 , 1970 in Compton , California ) , better known by his stage name DJ Quik , is a rapper and record producer from Compton , California .",places_of_residence place_of_birth origin top_member_employee_of_org subsidiaries cause_of_death place_of_death alternate_names children founded_org charges employee_or_member_of spouse title,origin
897534791,3/24/2016 20:25:41,1933711497,3/24/2016 20:24:44,false,clixsense,0.9374,8108990,NA,NA,NA,NA,DJ Quik,21,23,10,"Compton , California",13,UAD-A-0543,"David Martin Blake ( born January 18 , 1970 in Compton , California ) , better known by his stage name DJ Quik , is a rapper and record producer from Compton , California .",places_of_residence place_of_birth origin top_member_employee_of_org subsidiaries cause_of_death place_of_death alternate_names children founded_org charges employee_or_member_of spouse title,"places_of_residence
origin"
897534791,3/24/2016 20:54:57,1933803275,3/24/2016 20:54:17,false,instagc,0.943,33330229,NA,NA,NA,NA,DJ Quik,21,23,10,"Compton , California",13,UAD-A-0543,"David Martin Blake ( born January 18 , 1970 in Compton , California ) , better known by his stage name DJ Quik , is a rapper and record producer from Compton , California .",places_of_residence place_of_birth origin top_member_employee_of_org subsidiaries cause_of_death place_of_death alternate_names children founded_org charges employee_or_member_of spouse title,place_of_birth
897534791,3/24/2016 20:58:38,1933815363,3/24/2016 20:53:39,false,instagc,0.8981,36851940,NA,NA,NA,NA,DJ Quik,21,23,10,"Compton , California",13,UAD-A-0543,"David Martin Blake ( born January 18 , 1970 in Compton , California ) , better known by his stage name DJ Quik , is a rapper and record producer from Compton , California .",places_of_residence place_of_birth origin top_member_employee_of_org subsidiaries cause_of_death place_of_death alternate_names children founded_org charges employee_or_member_of spouse title,"places_of_residence
place_of_birth
origin"
897534791,3/24/2016 21:53:00,1933987973,3/24/2016 21:52:00,false,prodege,0.9477,24403612,NA,NA,NA,NA,DJ Quik,21,23,10,"Compton , California",13,UAD-A-0543,"David Martin Blake ( born January 18 , 1970 in Compton , California ) , better known by his stage name DJ Quik , is a rapper and record producer from Compton , California .",places_of_residence place_of_birth origin top_member_employee_of_org subsidiaries cause_of_death place_of_death alternate_names children founded_org charges employee_or_member_of spouse title,place_of_birth
897534791,3/24/2016 22:18:32,1934052741,3/24/2016 22:17:44,false,neodev,0.8907,36155226,NA,NA,NA,NA,DJ Quik,21,23,10,"Compton , California",13,UAD-A-0543,"David Martin Blake ( born January 18 , 1970 in Compton , California ) , better known by his stage name DJ Quik , is a rapper and record producer from Compton , California .",places_of_residence place_of_birth origin top_member_employee_of_org subsidiaries cause_of_death place_of_death alternate_names children founded_org charges employee_or_member_of spouse title,place_of_birth
897534791,3/24/2016 22:59:35,1934144042,3/24/2016 22:58:52,false,elite,0.9394,31228275,NA,NA,NA,NA,DJ Quik,21,23,10,"Compton , California",13,UAD-A-0543,"David Martin Blake ( born January 18 , 1970 in Compton , California ) , better known by his stage name DJ Quik , is a rapper and record producer from Compton , California .",places_of_residence place_of_birth origin top_member_employee_of_org subsidiaries cause_of_death place_of_death alternate_names children founded_org charges employee_or_member_of spouse title,origin
897534792,3/24/2016 18:07:22,1933505452,3/24/2016 18:07:10,false,clixsense,0.9667,21665495,NA,NA,NA,NA,Charles B. Rangel,0,3,4,New York,6,UAD-A-0454,"Charles B. Rangel of New York , chairman of the House Ways and Means Committee , the bill would also overhaul corporate taxes by eliminating many major tax breaks and lowering overall tax rates .",places_of_residence origin employee_or_member_of alternate_names place_of_headquarters subsidiaries founded_org top_member_employee_of_org charges place_of_birth children,origin
897534792,3/24/2016 19:39:02,1933586496,3/24/2016 19:37:34,false,clixsense,0.9543,6344072,NA,NA,NA,NA,Charles B. Rangel,0,3,4,New York,6,UAD-A-0454,"Charles B. Rangel of New York , chairman of the House Ways and Means Committee , the bill would also overhaul corporate taxes by eliminating many major tax breaks and lowering overall tax rates .",places_of_residence origin employee_or_member_of alternate_names place_of_headquarters subsidiaries founded_org top_member_employee_of_org charges place_of_birth children,places_of_residence
897534792,3/24/2016 19:55:26,1933628897,3/24/2016 19:54:04,false,clixsense,0.9466,21490235,NA,NA,NA,NA,Charles B. Rangel,0,3,4,New York,6,UAD-A-0454,"Charles B. Rangel of New York , chairman of the House Ways and Means Committee , the bill would also overhaul corporate taxes by eliminating many major tax breaks and lowering overall tax rates .",places_of_residence origin employee_or_member_of alternate_names place_of_headquarters subsidiaries founded_org top_member_employee_of_org charges place_of_birth children,places_of_residence
897534792,3/24/2016 20:33:50,1933734753,3/24/2016 20:33:08,false,clixsense,0.9605,33878524,NA,NA,NA,NA,Charles B. Rangel,0,3,4,New York,6,UAD-A-0454,"Charles B. Rangel of New York , chairman of the House Ways and Means Committee , the bill would also overhaul corporate taxes by eliminating many major tax breaks and lowering overall tax rates .",places_of_residence origin employee_or_member_of alternate_names place_of_headquarters subsidiaries founded_org top_member_employee_of_org charges place_of_birth children,places_of_residence
897534792,3/24/2016 20:36:51,1933743945,3/24/2016 20:36:12,false,clixsense,0.9374,8108990,NA,NA,NA,NA,Charles B. Rangel,0,3,4,New York,6,UAD-A-0454,"Charles B. Rangel of New York , chairman of the House Ways and Means Committee , the bill would also overhaul corporate taxes by eliminating many major tax breaks and lowering overall tax rates .",places_of_residence origin employee_or_member_of alternate_names place_of_headquarters subsidiaries founded_org top_member_employee_of_org charges place_of_birth children,places_of_residence
897534792,3/24/2016 21:02:39,1933828795,3/24/2016 21:02:27,false,instagc,0.943,33330229,NA,NA,NA,NA,Charles B. Rangel,0,3,4,New York,6,UAD-A-0454,"Charles B. Rangel of New York , chairman of the House Ways and Means Committee , the bill would also overhaul corporate taxes by eliminating many major tax breaks and lowering overall tax rates .",places_of_residence origin employee_or_member_of alternate_names place_of_headquarters subsidiaries founded_org top_member_employee_of_org charges place_of_birth children,origin
897534792,3/24/2016 21:16:56,1933874696,3/24/2016 21:15:10,false,instagc,0.8981,36851940,NA,NA,NA,NA,Charles B. Rangel,0,3,4,New York,6,UAD-A-0454,"Charles B. Rangel of New York , chairman of the House Ways and Means Committee , the bill would also overhaul corporate taxes by eliminating many major tax breaks and lowering overall tax rates .",places_of_residence origin employee_or_member_of alternate_names place_of_headquarters subsidiaries founded_org top_member_employee_of_org charges place_of_birth children,"employee_or_member_of
places_of_residence"
897534792,3/24/2016 22:00:41,1934007301,3/24/2016 21:59:50,false,prodege,0.9477,24403612,NA,NA,NA,NA,Charles B. Rangel,0,3,4,New York,6,UAD-A-0454,"Charles B. Rangel of New York , chairman of the House Ways and Means Committee , the bill would also overhaul corporate taxes by eliminating many major tax breaks and lowering overall tax rates .",places_of_residence origin employee_or_member_of alternate_names place_of_headquarters subsidiaries founded_org top_member_employee_of_org charges place_of_birth children,origin
897534792,3/24/2016 22:39:50,1934102066,3/24/2016 22:39:26,false,clixsense,0.9575,26492726,NA,NA,NA,NA,Charles B. Rangel,0,3,4,New York,6,UAD-A-0454,"Charles B. Rangel of New York , chairman of the House Ways and Means Committee , the bill would also overhaul corporate taxes by eliminating many major tax breaks and lowering overall tax rates .",places_of_residence origin employee_or_member_of alternate_names place_of_headquarters subsidiaries founded_org top_member_employee_of_org charges place_of_birth children,places_of_residence
897534792,3/24/2016 23:00:07,1934145022,3/24/2016 22:59:36,false,elite,0.9394,31228275,NA,NA,NA,NA,Charles B. Rangel,0,3,4,New York,6,UAD-A-0454,"Charles B. Rangel of New York , chairman of the House Ways and Means Committee , the bill would also overhaul corporate taxes by eliminating many major tax breaks and lowering overall tax rates .",places_of_residence origin employee_or_member_of alternate_names place_of_headquarters subsidiaries founded_org top_member_employee_of_org charges place_of_birth children,origin
897534792,3/24/2016 23:13:11,1934172025,3/24/2016 23:12:43,false,elite,0.9262,32363453,NA,NA,NA,NA,Charles B. Rangel,0,3,4,New York,6,UAD-A-0454,"Charles B. Rangel of New York , chairman of the House Ways and Means Committee , the bill would also overhaul corporate taxes by eliminating many major tax breaks and lowering overall tax rates .",places_of_residence origin employee_or_member_of alternate_names place_of_headquarters subsidiaries founded_org top_member_employee_of_org charges place_of_birth children,"alternate_names
place_of_headquarters
subsidiaries
employee_or_member_of
founded_org
top_member_employee_of_org
charges
places_of_residence
place_of_birth"
897534792,3/24/2016 23:13:55,1934173213,3/24/2016 23:12:28,false,gifthunterclub,0.9326,36218728,NA,NA,NA,NA,Charles B. Rangel,0,3,4,New York,6,UAD-A-0454,"Charles B. Rangel of New York , chairman of the House Ways and Means Committee , the bill would also overhaul corporate taxes by eliminating many major tax breaks and lowering overall tax rates .",places_of_residence origin employee_or_member_of alternate_names place_of_headquarters subsidiaries founded_org top_member_employee_of_org charges place_of_birth children,places_of_residence
897534792,3/24/2016 23:36:41,1934212396,3/24/2016 23:35:45,false,clixsense,0.9496,26531841,NA,NA,NA,NA,Charles B. Rangel,0,3,4,New York,6,UAD-A-0454,"Charles B. Rangel of New York , chairman of the House Ways and Means Committee , the bill would also overhaul corporate taxes by eliminating many major tax breaks and lowering overall tax rates .",places_of_residence origin employee_or_member_of alternate_names place_of_headquarters subsidiaries founded_org top_member_employee_of_org charges place_of_birth children,places_of_residence
897534792,3/24/2016 23:49:45,1934233388,3/24/2016 23:48:55,false,prodege,0.9609,13300986,NA,NA,NA,NA,Charles B. Rangel,0,3,4,New York,6,UAD-A-0454,"Charles B. Rangel of New York , chairman of the House Ways and Means Committee , the bill would also overhaul corporate taxes by eliminating many major tax breaks and lowering overall tax rates .",places_of_residence origin employee_or_member_of alternate_names place_of_headquarters subsidiaries founded_org top_member_employee_of_org charges place_of_birth children,places_of_residence
897534792,3/24/2016 23:57:22,1934245500,3/24/2016 23:56:51,false,prodege,0.9224,36261795,NA,NA,NA,NA,Charles B. Rangel,0,3,4,New York,6,UAD-A-0454,"Charles B. Rangel of New York , chairman of the House Ways and Means Committee , the bill would also overhaul corporate taxes by eliminating many major tax breaks and lowering overall tax rates .",places_of_residence origin employee_or_member_of alternate_names place_of_headquarters subsidiaries founded_org top_member_employee_of_org charges place_of_birth children,places_of_residence
897534793,3/24/2016 22:01:16,1934008698,3/24/2016 22:00:42,false,prodege,0.9477,24403612,NA,NA,NA,NA,Anna Nicole Smith,8,11,16,Bahamas,17,UAD-A-0196,"A teary Florida judge said Friday he wanted Anna Nicole Smith to be buried in the Bahamas , ending two weeks of bizarre wranglings over the remains of the former Playboy model and billionaire 's widow .",alternate_names place_of_headquarters subsidiaries employee_or_member_of founded_org top_member_employee_of_org places_of_residence place_of_birth place_of_death origin title charges schools_attended children cause_of_death spouse,NONE
897534793,3/24/2016 22:40:55,1934104184,3/24/2016 22:39:51,false,clixsense,0.9575,26492726,NA,NA,NA,NA,Anna Nicole Smith,8,11,16,Bahamas,17,UAD-A-0196,"A teary Florida judge said Friday he wanted Anna Nicole Smith to be buried in the Bahamas , ending two weeks of bizarre wranglings over the remains of the former Playboy model and billionaire 's widow .",alternate_names place_of_headquarters subsidiaries employee_or_member_of founded_org top_member_employee_of_org places_of_residence place_of_birth place_of_death origin title charges schools_attended children cause_of_death spouse,NONE
897534793,3/24/2016 23:00:55,1934146669,3/24/2016 23:00:08,false,elite,0.9394,31228275,NA,NA,NA,NA,Anna Nicole Smith,8,11,16,Bahamas,17,UAD-A-0196,"A teary Florida judge said Friday he wanted Anna Nicole Smith to be buried in the Bahamas , ending two weeks of bizarre wranglings over the remains of the former Playboy model and billionaire 's widow .",alternate_names place_of_headquarters subsidiaries employee_or_member_of founded_org top_member_employee_of_org places_of_residence place_of_birth place_of_death origin title charges schools_attended children cause_of_death spouse,NONE
897534793,3/24/2016 23:13:37,1934172766,3/24/2016 23:13:13,false,elite,0.9262,32363453,NA,NA,NA,NA,Anna Nicole Smith,8,11,16,Bahamas,17,UAD-A-0196,"A teary Florida judge said Friday he wanted Anna Nicole Smith to be buried in the Bahamas , ending two weeks of bizarre wranglings over the remains of the former Playboy model and billionaire 's widow .",alternate_names place_of_headquarters subsidiaries employee_or_member_of founded_org top_member_employee_of_org places_of_residence place_of_birth place_of_death origin title charges schools_attended children cause_of_death spouse,"alternate_names
place_of_headquarters
subsidiaries
employee_or_member_of
founded_org
top_member_employee_of_org
places_of_residence
place_of_birth
place_of_death
origin"
897534793,3/24/2016 23:15:08,1934175303,3/24/2016 23:13:58,false,gifthunterclub,0.9326,36218728,NA,NA,NA,NA,Anna Nicole Smith,8,11,16,Bahamas,17,UAD-A-0196,"A teary Florida judge said Friday he wanted Anna Nicole Smith to be buried in the Bahamas , ending two weeks of bizarre wranglings over the remains of the former Playboy model and billionaire 's widow .",alternate_names place_of_headquarters subsidiaries employee_or_member_of founded_org top_member_employee_of_org places_of_residence place_of_birth place_of_death origin title charges schools_attended children cause_of_death spouse,NONE
897534793,3/24/2016 23:38:47,1934215699,3/24/2016 23:36:41,false,clixsense,0.9496,26531841,NA,NA,NA,NA,Anna Nicole Smith,8,11,16,Bahamas,17,UAD-A-0196,"A teary Florida judge said Friday he wanted Anna Nicole Smith to be buried in the Bahamas , ending two weeks of bizarre wranglings over the remains of the former Playboy model and billionaire 's widow .",alternate_names place_of_headquarters subsidiaries employee_or_member_of founded_org top_member_employee_of_org places_of_residence place_of_birth place_of_death origin title charges schools_attended children cause_of_death spouse,NONE
897534793,3/24/2016 23:50:55,1934235185,3/24/2016 23:49:45,false,prodege,0.9609,13300986,NA,NA,NA,NA,Anna Nicole Smith,8,11,16,Bahamas,17,UAD-A-0196,"A teary Florida judge said Friday he wanted Anna Nicole Smith to be buried in the Bahamas , ending two weeks of bizarre wranglings over the remains of the former Playboy model and billionaire 's widow .",alternate_names place_of_headquarters subsidiaries employee_or_member_of founded_org top_member_employee_of_org places_of_residence place_of_birth place_of_death origin title charges schools_attended children cause_of_death spouse,NONE
897534793,3/24/2016 23:57:10,1934245266,3/24/2016 23:56:33,false,elite,0.9345,35936381,NA,NA,NA,NA,Anna Nicole Smith,8,11,16,Bahamas,17,UAD-A-0196,"A teary Florida judge said Friday he wanted Anna Nicole Smith to be buried in the Bahamas , ending two weeks of bizarre wranglings over the remains of the former Playboy model and billionaire 's widow .",alternate_names place_of_headquarters subsidiaries employee_or_member_of founded_org top_member_employee_of_org places_of_residence place_of_birth place_of_death origin title charges schools_attended children cause_of_death spouse,NONE
897534793,3/24/2016 23:58:54,1934247710,3/24/2016 23:57:22,false,prodege,0.9224,36261795,NA,NA,NA,NA,Anna Nicole Smith,8,11,16,Bahamas,17,UAD-A-0196,"A teary Florida judge said Friday he wanted Anna Nicole Smith to be buried in the Bahamas , ending two weeks of bizarre wranglings over the remains of the former Playboy model and billionaire 's widow .",alternate_names place_of_headquarters subsidiaries employee_or_member_of founded_org top_member_employee_of_org places_of_residence place_of_birth place_of_death origin title charges schools_attended children cause_of_death spouse,NONE
897534793,3/25/2016 00:09:42,1934264526,3/25/2016 00:07:39,false,clixsense,0.9839,25486037,NA,NA,NA,NA,Anna Nicole Smith,8,11,16,Bahamas,17,UAD-A-0196,"A teary Florida judge said Friday he wanted Anna Nicole Smith to be buried in the Bahamas , ending two weeks of bizarre wranglings over the remains of the former Playboy model and billionaire 's widow .",alternate_names place_of_headquarters subsidiaries employee_or_member_of founded_org top_member_employee_of_org places_of_residence place_of_birth place_of_death origin title charges schools_attended children cause_of_death spouse,NONE
897534793,3/25/2016 00:21:50,1934284025,3/25/2016 00:19:34,false,zoombucks,0.9474,4688131,NA,NA,NA,NA,Anna Nicole Smith,8,11,16,Bahamas,17,UAD-A-0196,"A teary Florida judge said Friday he wanted Anna Nicole Smith to be buried in the Bahamas , ending two weeks of bizarre wranglings over the remains of the former Playboy model and billionaire 's widow .",alternate_names place_of_headquarters subsidiaries employee_or_member_of founded_org top_member_employee_of_org places_of_residence place_of_birth place_of_death origin title charges schools_attended children cause_of_death spouse,NONE
897534793,3/25/2016 00:38:32,1934310642,3/25/2016 00:37:30,false,clixsense,0.9192,26770238,NA,NA,NA,NA,Anna Nicole Smith,8,11,16,Bahamas,17,UAD-A-0196,"A teary Florida judge said Friday he wanted Anna Nicole Smith to be buried in the Bahamas , ending two weeks of bizarre wranglings over the remains of the former Playboy model and billionaire 's widow .",alternate_names place_of_headquarters subsidiaries employee_or_member_of founded_org top_member_employee_of_org places_of_residence place_of_birth place_of_death origin title charges schools_attended children cause_of_death spouse,place_of_death
897534793,3/25/2016 00:39:43,1934312338,3/25/2016 00:39:05,false,neodev,0.8979,36837746,NA,NA,NA,NA,Anna Nicole Smith,8,11,16,Bahamas,17,UAD-A-0196,"A teary Florida judge said Friday he wanted Anna Nicole Smith to be buried in the Bahamas , ending two weeks of bizarre wranglings over the remains of the former Playboy model and billionaire 's widow .",alternate_names place_of_headquarters subsidiaries employee_or_member_of founded_org top_member_employee_of_org places_of_residence place_of_birth place_of_death origin title charges schools_attended children cause_of_death spouse,place_of_death
897534793,3/25/2016 00:56:25,1934340353,3/25/2016 00:54:23,false,clixsense,0.9571,6336109,NA,NA,NA,NA,Anna Nicole Smith,8,11,16,Bahamas,17,UAD-A-0196,"A teary Florida judge said Friday he wanted Anna Nicole Smith to be buried in the Bahamas , ending two weeks of bizarre wranglings over the remains of the former Playboy model and billionaire 's widow .",alternate_names place_of_headquarters subsidiaries employee_or_member_of founded_org top_member_employee_of_org places_of_residence place_of_birth place_of_death origin title charges schools_attended children cause_of_death spouse,NONE
897534793,3/25/2016 02:38:34,1934531364,3/25/2016 02:37:41,false,instagc,0.9566,29411108,NA,NA,NA,NA,Anna Nicole Smith,8,11,16,Bahamas,17,UAD-A-0196,"A teary Florida judge said Friday he wanted Anna Nicole Smith to be buried in the Bahamas , ending two weeks of bizarre wranglings over the remains of the former Playboy model and billionaire 's widow .",alternate_names place_of_headquarters subsidiaries employee_or_member_of founded_org top_member_employee_of_org places_of_residence place_of_birth place_of_death origin title charges schools_attended children cause_of_death spouse,NONE
897534794,3/25/2016 21:47:39,1936408755,3/25/2016 21:46:12,false,clixsense,0.9547,17950689,NA,NA,NA,NA,Barack Obama,1,3,34,America,35,UAD-A-0951,"If Barack Obama wins the White House in November , we may well look back on this week as the turning point when he started to ease lingering doubts about his readiness to lead America .",place_of_birth employee_or_member_of top_member_employee_of_org places_of_residence place_of_headquarters origin subsidiaries place_of_death charges title spouse cause_of_death,employee_or_member_of
897534794,3/25/2016 22:14:56,1936444633,3/25/2016 22:14:31,false,superrewards,0.9503,31089452,NA,NA,NA,NA,Barack Obama,1,3,34,America,35,UAD-A-0951,"If Barack Obama wins the White House in November , we may well look back on this week as the turning point when he started to ease lingering doubts about his readiness to lead America .",place_of_birth employee_or_member_of top_member_employee_of_org places_of_residence place_of_headquarters origin subsidiaries place_of_death charges title spouse cause_of_death,place_of_birth
897534794,3/25/2016 23:07:17,1936507220,3/25/2016 23:06:36,false,elite,0.9436,30312592,NA,NA,NA,NA,Barack Obama,1,3,34,America,35,UAD-A-0951,"If Barack Obama wins the White House in November , we may well look back on this week as the turning point when he started to ease lingering doubts about his readiness to lead America .",place_of_birth employee_or_member_of top_member_employee_of_org places_of_residence place_of_headquarters origin subsidiaries place_of_death charges title spouse cause_of_death,employee_or_member_of
897534794,3/25/2016 23:11:18,1936511315,3/25/2016 23:09:44,false,instagc,0.9379,18531561,NA,NA,NA,NA,Barack Obama,1,3,34,America,35,UAD-A-0951,"If Barack Obama wins the White House in November , we may well look back on this week as the turning point when he started to ease lingering doubts about his readiness to lead America .",place_of_birth employee_or_member_of top_member_employee_of_org places_of_residence place_of_headquarters origin subsidiaries place_of_death charges title spouse cause_of_death,NONE
897534794,3/25/2016 23:46:10,1936545229,3/25/2016 23:45:34,false,clixsense,0.9348,35774053,NA,NA,NA,NA,Barack Obama,1,3,34,America,35,UAD-A-0951,"If Barack Obama wins the White House in November , we may well look back on this week as the turning point when he started to ease lingering doubts about his readiness to lead America .",place_of_birth employee_or_member_of top_member_employee_of_org places_of_residence place_of_headquarters origin subsidiaries place_of_death charges title spouse cause_of_death,top_member_employee_of_org
897534794,3/26/2016 00:01:21,1936555700,3/26/2016 00:00:44,false,clixsense,0.9027,30777913,NA,NA,NA,NA,Barack Obama,1,3,34,America,35,UAD-A-0951,"If Barack Obama wins the White House in November , we may well look back on this week as the turning point when he started to ease lingering doubts about his readiness to lead America .",place_of_birth employee_or_member_of top_member_employee_of_org places_of_residence place_of_headquarters origin subsidiaries place_of_death charges title spouse cause_of_death,"employee_or_member_of
top_member_employee_of_org
places_of_residence"
897534794,3/26/2016 00:59:51,1936583485,3/26/2016 00:58:44,false,clixsense,0.9341,7051387,NA,NA,NA,NA,Barack Obama,1,3,34,America,35,UAD-A-0951,"If Barack Obama wins the White House in November , we may well look back on this week as the turning point when he started to ease lingering doubts about his readiness to lead America .",place_of_birth employee_or_member_of top_member_employee_of_org places_of_residence place_of_headquarters origin subsidiaries place_of_death charges title spouse cause_of_death,top_member_employee_of_org
897534794,3/26/2016 02:20:54,1936639360,3/26/2016 02:18:57,false,neodev,0.9219,29363385,NA,NA,NA,NA,Barack Obama,1,3,34,America,35,UAD-A-0951,"If Barack Obama wins the White House in November , we may well look back on this week as the turning point when he started to ease lingering doubts about his readiness to lead America .",place_of_birth employee_or_member_of top_member_employee_of_org places_of_residence place_of_headquarters origin subsidiaries place_of_death charges title spouse cause_of_death,"place_of_headquarters
top_member_employee_of_org
places_of_residence
place_of_birth"
897534794,3/26/2016 02:29:20,1936644810,3/26/2016 02:28:42,false,instagc,0.9306,33427067,NA,NA,NA,NA,Barack Obama,1,3,34,America,35,UAD-A-0951,"If Barack Obama wins the White House in November , we may well look back on this week as the turning point when he started to ease lingering doubts about his readiness to lead America .",place_of_birth employee_or_member_of top_member_employee_of_org places_of_residence place_of_headquarters origin subsidiaries place_of_death charges title spouse cause_of_death,top_member_employee_of_org
897534794,3/26/2016 02:35:56,1936648729,3/26/2016 02:35:15,false,neodev,0.9348,33435788,NA,NA,NA,NA,Barack Obama,1,3,34,America,35,UAD-A-0951,"If Barack Obama wins the White House in November , we may well look back on this week as the turning point when he started to ease lingering doubts about his readiness to lead America .",place_of_birth employee_or_member_of top_member_employee_of_org places_of_residence place_of_headquarters origin subsidiaries place_of_death charges title spouse cause_of_death,top_member_employee_of_org
897534794,3/26/2016 02:49:02,1936656304,3/26/2016 02:46:48,false,neodev,0.9321,31329809,NA,NA,NA,NA,Barack Obama,1,3,34,America,35,UAD-A-0951,"If Barack Obama wins the White House in November , we may well look back on this week as the turning point when he started to ease lingering doubts about his readiness to lead America .",place_of_birth employee_or_member_of top_member_employee_of_org places_of_residence place_of_headquarters origin subsidiaries place_of_death charges title spouse cause_of_death,employee_or_member_of
897534794,3/26/2016 03:03:26,1936664626,3/26/2016 03:02:56,false,neodev,0.928,30941227,NA,NA,NA,NA,Barack Obama,1,3,34,America,35,UAD-A-0951,"If Barack Obama wins the White House in November , we may well look back on this week as the turning point when he started to ease lingering doubts about his readiness to lead America .",place_of_birth employee_or_member_of top_member_employee_of_org places_of_residence place_of_headquarters origin subsidiaries place_of_death charges title spouse cause_of_death,place_of_headquarters
897534794,3/26/2016 05:02:40,1936727571,3/26/2016 05:02:04,false,instagc,0.8843,28301350,NA,NA,NA,NA,Barack Obama,1,3,34,America,35,UAD-A-0951,"If Barack Obama wins the White House in November , we may well look back on this week as the turning point when he started to ease lingering doubts about his readiness to lead America .",place_of_birth employee_or_member_of top_member_employee_of_org places_of_residence place_of_headquarters origin subsidiaries place_of_death charges title spouse cause_of_death,"top_member_employee_of_org
origin"
897534794,3/26/2016 05:09:10,1936731542,3/26/2016 05:06:19,false,instagc,0.8884,23503585,NA,NA,NA,NA,Barack Obama,1,3,34,America,35,UAD-A-0951,"If Barack Obama wins the White House in November , we may well look back on this week as the turning point when he started to ease lingering doubts about his readiness to lead America .",place_of_birth employee_or_member_of top_member_employee_of_org places_of_residence place_of_headquarters origin subsidiaries place_of_death charges title spouse cause_of_death,"place_of_headquarters
places_of_residence
place_of_birth"
897534794,3/26/2016 06:00:43,1936759202,3/26/2016 05:57:48,false,neodev,0.9362,11598752,NA,NA,NA,NA,Barack Obama,1,3,34,America,35,UAD-A-0951,"If Barack Obama wins the White House in November , we may well look back on this week as the turning point when he started to ease lingering doubts about his readiness to lead America .",place_of_birth employee_or_member_of top_member_employee_of_org places_of_residence place_of_headquarters origin subsidiaries place_of_death charges title spouse cause_of_death,top_member_employee_of_org
897534795,3/25/2016 20:07:47,1936240024,3/25/2016 20:07:34,false,prodege,0.9709,34650780,NA,NA,NA,NA,Steven Chu,0,2,11,Lawrence Berkeley National Laboratory,15,UAD-A-1875,"Steven Chu , a Nobel Laureate in physics who heads the Lawrence Berkeley National Laboratory , and Dan Reicher , a former assistant energy secretary in the Clinton administration who now directs the Google.org foundation 's energy and climate change initiatives .",top_member_employee_of_org,top_member_employee_of_org
897534795,3/25/2016 20:16:05,1936256239,3/25/2016 20:13:42,false,hiving,0.9143,33057016,NA,NA,NA,NA,Steven Chu,0,2,11,Lawrence Berkeley National Laboratory,15,UAD-A-1875,"Steven Chu , a Nobel Laureate in physics who heads the Lawrence Berkeley National Laboratory , and Dan Reicher , a former assistant energy secretary in the Clinton administration who now directs the Google.org foundation 's energy and climate change initiatives .","employee_or_member_of
top_member_employee_of_org
schools_attended","employee_or_member_of
top_member_employee_of_org
schools_attended"
897534795,3/25/2016 21:25:36,1936381152,3/25/2016 21:25:08,false,elite,0.9675,31883685,NA,NA,NA,NA,Steven Chu,0,2,11,Lawrence Berkeley National Laboratory,15,UAD-A-1875,"Steven Chu , a Nobel Laureate in physics who heads the Lawrence Berkeley National Laboratory , and Dan Reicher , a former assistant energy secretary in the Clinton administration who now directs the Google.org foundation 's energy and climate change initiatives .",top_member_employee_of_org,top_member_employee_of_org
897534795,3/25/2016 21:28:03,1936384611,3/25/2016 21:27:28,false,zoombucks,0.9241,4711962,NA,NA,NA,NA,Steven Chu,0,2,11,Lawrence Berkeley National Laboratory,15,UAD-A-1875,"Steven Chu , a Nobel Laureate in physics who heads the Lawrence Berkeley National Laboratory , and Dan Reicher , a former assistant energy secretary in the Clinton administration who now directs the Google.org foundation 's energy and climate change initiatives .",founded_org,founded_org
897534795,3/25/2016 21:40:19,1936399885,3/25/2016 21:39:38,false,clixsense,0.9547,17950689,NA,NA,NA,NA,Steven Chu,0,2,11,Lawrence Berkeley National Laboratory,15,UAD-A-1875,"Steven Chu , a Nobel Laureate in physics who heads the Lawrence Berkeley National Laboratory , and Dan Reicher , a former assistant energy secretary in the Clinton administration who now directs the Google.org foundation 's energy and climate change initiatives .",origin,origin
897534795,3/25/2016 22:14:01,1936443266,3/25/2016 22:13:34,false,superrewards,0.9503,31089452,NA,NA,NA,NA,Steven Chu,0,2,11,Lawrence Berkeley National Laboratory,15,UAD-A-1875,"Steven Chu , a Nobel Laureate in physics who heads the Lawrence Berkeley National Laboratory , and Dan Reicher , a former assistant energy secretary in the Clinton administration who now directs the Google.org foundation 's energy and climate change initiatives .",top_member_employee_of_org,top_member_employee_of_org
897534795,3/25/2016 23:05:53,1936505765,3/25/2016 23:05:10,false,elite,0.9436,30312592,NA,NA,NA,NA,Steven Chu,0,2,11,Lawrence Berkeley National Laboratory,15,UAD-A-1875,"Steven Chu , a Nobel Laureate in physics who heads the Lawrence Berkeley National Laboratory , and Dan Reicher , a former assistant energy secretary in the Clinton administration who now directs the Google.org foundation 's energy and climate change initiatives .",top_member_employee_of_org,top_member_employee_of_org
897534795,3/25/2016 23:08:47,1936508813,3/25/2016 23:07:41,false,instagc,0.9379,18531561,NA,NA,NA,NA,Steven Chu,0,2,11,Lawrence Berkeley National Laboratory,15,UAD-A-1875,"Steven Chu , a Nobel Laureate in physics who heads the Lawrence Berkeley National Laboratory , and Dan Reicher , a former assistant energy secretary in the Clinton administration who now directs the Google.org foundation 's energy and climate change initiatives .","employee_or_member_of
top_member_employee_of_org","employee_or_member_of
top_member_employee_of_org"
897534795,3/25/2016 23:45:05,1936544230,3/25/2016 23:44:35,false,clixsense,0.9348,35774053,NA,NA,NA,NA,Steven Chu,0,2,11,Lawrence Berkeley National Laboratory,15,UAD-A-1875,"Steven Chu , a Nobel Laureate in physics who heads the Lawrence Berkeley National Laboratory , and Dan Reicher , a former assistant energy secretary in the Clinton administration who now directs the Google.org foundation 's energy and climate change initiatives .",top_member_employee_of_org,top_member_employee_of_org
897534795,3/26/2016 00:00:16,1936555072,3/26/2016 00:00:01,false,clixsense,0.9027,30777913,NA,NA,NA,NA,Steven Chu,0,2,11,Lawrence Berkeley National Laboratory,15,UAD-A-1875,"Steven Chu , a Nobel Laureate in physics who heads the Lawrence Berkeley National Laboratory , and Dan Reicher , a former assistant energy secretary in the Clinton administration who now directs the Google.org foundation 's energy and climate change initiatives .","top_member_employee_of_org
alternate_names
place_of_birth","top_member_employee_of_org
alternate_names
place_of_birth"
897534795,3/26/2016 00:57:43,1936582640,3/26/2016 00:56:31,false,clixsense,0.9341,7051387,NA,NA,NA,NA,Steven Chu,0,2,11,Lawrence Berkeley National Laboratory,15,UAD-A-1875,"Steven Chu , a Nobel Laureate in physics who heads the Lawrence Berkeley National Laboratory , and Dan Reicher , a former assistant energy secretary in the Clinton administration who now directs the Google.org foundation 's energy and climate change initiatives .",top_member_employee_of_org,top_member_employee_of_org
897534795,3/26/2016 02:18:13,1936637721,3/26/2016 02:17:31,false,neodev,0.9219,29363385,NA,NA,NA,NA,Steven Chu,0,2,11,Lawrence Berkeley National Laboratory,15,UAD-A-1875,"Steven Chu , a Nobel Laureate in physics who heads the Lawrence Berkeley National Laboratory , and Dan Reicher , a former assistant energy secretary in the Clinton administration who now directs the Google.org foundation 's energy and climate change initiatives .",top_member_employee_of_org,top_member_employee_of_org
897534795,3/26/2016 02:28:13,1936644122,3/26/2016 02:27:45,false,instagc,0.9306,33427067,NA,NA,NA,NA,Steven Chu,0,2,11,Lawrence Berkeley National Laboratory,15,UAD-A-1875,"Steven Chu , a Nobel Laureate in physics who heads the Lawrence Berkeley National Laboratory , and Dan Reicher , a former assistant energy secretary in the Clinton administration who now directs the Google.org foundation 's energy and climate change initiatives .",top_member_employee_of_org,top_member_employee_of_org
897534795,3/26/2016 02:34:49,1936648054,3/26/2016 02:33:50,false,neodev,0.9348,33435788,NA,NA,NA,NA,Steven Chu,0,2,11,Lawrence Berkeley National Laboratory,15,UAD-A-1875,"Steven Chu , a Nobel Laureate in physics who heads the Lawrence Berkeley National Laboratory , and Dan Reicher , a former assistant energy secretary in the Clinton administration who now directs the Google.org foundation 's energy and climate change initiatives .",top_member_employee_of_org,top_member_employee_of_org
897534795,3/26/2016 02:45:47,1936654515,3/26/2016 02:45:08,false,neodev,0.9321,31329809,NA,NA,NA,NA,Steven Chu,0,2,11,Lawrence Berkeley National Laboratory,15,UAD-A-1875,"Steven Chu , a Nobel Laureate in physics who heads the Lawrence Berkeley National Laboratory , and Dan Reicher , a former assistant energy secretary in the Clinton administration who now directs the Google.org foundation 's energy and climate change initiatives .",top_member_employee_of_org,top_member_employee_of_org
